plane_id,start_city,end_city,start_time,end_time,start_day,end_day,departure_airfield,arrival_airfield,price,exist
10004,台北,天津,14:20:00,16:10:00,2023-09-16,2023-09-16,台北机场,天津机场,1400,YES
10009,贵阳,西安,08:20:00,10:13:00,2023-09-22,2023-09-22,贵阳机场,西安机场,1300,YES
10012,上海,天津,14:20:00,16:10:00,2023-09-13,2023-09-13,上海机场,天津机场,1200,YES
10013,兰州,北京,16:20:00,18:20:00,2023-09-17,2023-09-17,兰州机场,北京机场,1300,YES
10017,北京,郑州,17:20:00,19:50:00,2023-09-20,2023-09-20,北京机场,郑州机场,1800,YES
10019,杭州,兰州,16:20:00,18:20:00,2023-09-18,2023-09-18,杭州机场,兰州机场,1100,YES
10020,昆明,重庆,13:20:00,15:20:00,2023-09-13,2023-09-13,昆明机场,重庆机场,1800,YES
10021,兰州,天津,17:20:00,19:50:00,2023-09-14,2023-09-14,兰州机场,天津机场,1800,YES
10024,武汉,兰州,15:20:00,17:30:00,2023-09-14,2023-09-14,武汉机场,兰州机场,1500,YES
10026,西安,北京,15:20:00,17:30:00,2023-09-22,2023-09-22,西安机场,北京机场,1000,YES
10027,合肥,济南,08:20:00,10:13:00,2023-09-22,2023-09-22,合肥机场,济南机场,1300,YES
10028,太原,郑州,14:20:00,16:10:00,2023-09-15,2023-09-15,太原机场,郑州机场,1500,YES
10029,长沙,天津,08:20:00,10:13:00,2023-09-21,2023-09-21,长沙机场,天津机场,1100,YES
10030,石家庄,西安,14:20:00,16:10:00,2023-09-13,2023-09-13,石家庄机场,西安机场,1200,YES
10031,福州,北京,10:20:00,12:42:00,2023-09-22,2023-09-22,福州机场,北京机场,1000,YES
10032,福州,天津,09:20:00,11:41:00,2023-09-15,2023-09-15,福州机场,天津机场,1000,YES
10033,重庆,太原,13:20:00,15:20:00,2023-09-18,2023-09-18,重庆机场,太原机场,1900,YES
10034,南昌,天津,12:20:00,14:07:00,2023-09-19,2023-09-19,南昌机场,天津机场,1000,YES
10035,石家庄,济南,16:20:00,18:20:00,2023-09-18,2023-09-18,石家庄机场,济南机场,1600,YES
10036,太原,上海,13:20:00,15:20:00,2023-09-16,2023-09-16,太原机场,上海机场,1500,YES
10038,郑州,济南,12:20:00,14:07:00,2023-09-13,2023-09-13,郑州机场,济南机场,1900,YES
10039,福州,西宁,13:20:00,15:20:00,2023-09-22,2023-09-22,福州机场,西宁机场,1700,YES
10042,太原,西宁,13:20:00,15:20:00,2023-09-22,2023-09-22,太原机场,西宁机场,1900,YES
10043,南昌,上海,10:20:00,12:42:00,2023-09-17,2023-09-17,南昌机场,上海机场,1400,YES
10045,西宁,重庆,09:20:00,11:41:00,2023-09-18,2023-09-18,西宁机场,重庆机场,1700,YES
10046,南昌,济南,15:20:00,17:30:00,2023-09-15,2023-09-15,南昌机场,济南机场,1900,YES
10047,成都,西安,12:20:00,14:07:00,2023-09-17,2023-09-17,成都机场,西安机场,1800,YES
10048,合肥,天津,13:20:00,15:20:00,2023-09-15,2023-09-15,合肥机场,天津机场,1400,YES
10049,沈阳,郑州,11:20:00,13:35:00,2023-09-22,2023-09-22,沈阳机场,郑州机场,1600,YES
10053,石家庄,上海,09:20:00,11:41:00,2023-09-14,2023-09-14,石家庄机场,上海机场,1900,YES
10054,杭州,济南,08:20:00,10:13:00,2023-09-19,2023-09-19,杭州机场,济南机场,1300,YES
10056,贵阳,北京,13:20:00,15:20:00,2023-09-14,2023-09-14,贵阳机场,北京机场,1400,YES
10057,沈阳,北京,11:20:00,13:35:00,2023-09-22,2023-09-22,沈阳机场,北京机场,1600,YES
10059,郑州,上海,17:20:00,19:50:00,2023-09-13,2023-09-13,郑州机场,上海机场,1600,YES
10060,哈尔滨,重庆,15:20:00,17:30:00,2023-09-13,2023-09-13,哈尔滨机场,重庆机场,1800,YES
10061,贵阳,济南,16:20:00,18:20:00,2023-09-14,2023-09-14,贵阳机场,济南机场,1100,YES
10062,西安,天津,09:20:00,11:41:00,2023-09-15,2023-09-15,西安机场,天津机场,1200,YES
10064,广州,上海,17:20:00,19:50:00,2023-09-19,2023-09-19,广州机场,上海机场,1900,YES
10066,广州,北京,13:20:00,15:20:00,2023-09-16,2023-09-16,广州机场,北京机场,1400,YES
10070,重庆,上海,14:20:00,16:10:00,2023-09-18,2023-09-18,重庆机场,上海机场,1300,YES
10073,西宁,郑州,12:20:00,14:07:00,2023-09-13,2023-09-13,西宁机场,郑州机场,1100,YES
10077,郑州,北京,12:20:00,14:07:00,2023-09-17,2023-09-17,郑州机场,北京机场,1700,YES
10078,南京,北京,09:20:00,11:41:00,2023-09-20,2023-09-20,南京机场,北京机场,1100,YES
10080,合肥,重庆,10:20:00,12:42:00,2023-09-20,2023-09-20,合肥机场,重庆机场,1400,YES
10084,成都,太原,13:20:00,15:20:00,2023-09-21,2023-09-21,成都机场,太原机场,1200,YES
10085,兰州,太原,10:20:00,12:42:00,2023-09-13,2023-09-13,兰州机场,太原机场,1700,YES
10086,合肥,郑州,17:20:00,19:50:00,2023-09-18,2023-09-18,合肥机场,郑州机场,1500,YES
10089,南昌,重庆,08:20:00,10:13:00,2023-09-15,2023-09-15,南昌机场,重庆机场,1700,YES
10090,哈尔滨,太原,17:20:00,19:50:00,2023-09-16,2023-09-16,哈尔滨机场,太原机场,1400,YES
10091,西安,天津,08:20:00,10:13:00,2023-09-20,2023-09-20,西安机场,天津机场,1300,YES
10092,沈阳,天津,13:20:00,15:20:00,2023-09-17,2023-09-17,沈阳机场,天津机场,1000,YES
10093,台北,重庆,16:20:00,18:20:00,2023-09-22,2023-09-22,台北机场,重庆机场,1100,YES
10094,杭州,兰州,15:20:00,17:30:00,2023-09-15,2023-09-15,杭州机场,兰州机场,1000,YES
10095,石家庄,北京,13:20:00,15:20:00,2023-09-15,2023-09-15,石家庄机场,北京机场,1900,YES
10096,重庆,天津,08:20:00,10:13:00,2023-09-21,2023-09-21,重庆机场,天津机场,1500,YES
10097,上海,济南,17:20:00,19:50:00,2023-09-14,2023-09-14,上海机场,济南机场,1500,YES
10098,太原,天津,10:20:00,12:42:00,2023-09-18,2023-09-18,太原机场,天津机场,1300,YES
10099,昆明,北京,15:20:00,17:30:00,2023-09-17,2023-09-17,昆明机场,北京机场,1600,YES
10100,石家庄,西安,17:20:00,19:50:00,2023-09-20,2023-09-20,石家庄机场,西安机场,1000,YES
10101,重庆,西安,08:20:00,10:13:00,2023-09-13,2023-09-13,重庆机场,西安机场,1200,YES
10103,贵阳,北京,09:20:00,11:41:00,2023-09-14,2023-09-14,贵阳机场,北京机场,1600,YES
10104,郑州,上海,14:20:00,16:10:00,2023-09-22,2023-09-22,郑州机场,上海机场,1000,YES
10105,成都,郑州,08:20:00,10:13:00,2023-09-18,2023-09-18,成都机场,郑州机场,1900,YES
10106,哈尔滨,兰州,17:20:00,19:50:00,2023-09-15,2023-09-15,哈尔滨机场,兰州机场,1700,YES
10108,西安,重庆,15:20:00,17:30:00,2023-09-17,2023-09-17,西安机场,重庆机场,1900,YES
10112,长沙,太原,15:20:00,17:30:00,2023-09-19,2023-09-19,长沙机场,太原机场,1200,YES
10113,太原,济南,11:20:00,13:35:00,2023-09-19,2023-09-19,太原机场,济南机场,1700,YES
10114,天津,济南,13:20:00,15:20:00,2023-09-13,2023-09-13,天津机场,济南机场,1200,YES
10115,西安,天津,09:20:00,11:41:00,2023-09-20,2023-09-20,西安机场,天津机场,1400,YES
10116,哈尔滨,太原,11:20:00,13:35:00,2023-09-13,2023-09-13,哈尔滨机场,太原机场,1000,YES
10118,贵阳,北京,08:20:00,10:13:00,2023-09-19,2023-09-19,贵阳机场,北京机场,1900,YES
10119,济南,西安,11:20:00,13:35:00,2023-09-21,2023-09-21,济南机场,西安机场,1200,YES
10120,沈阳,北京,11:20:00,13:35:00,2023-09-19,2023-09-19,沈阳机场,北京机场,1900,YES
10122,昆明,郑州,11:20:00,13:35:00,2023-09-20,2023-09-20,昆明机场,郑州机场,1700,YES
10123,郑州,西宁,08:20:00,10:13:00,2023-09-21,2023-09-21,郑州机场,西宁机场,1100,YES
10125,海口,北京,13:20:00,15:20:00,2023-09-16,2023-09-16,海口机场,北京机场,1100,YES
10127,长沙,上海,16:20:00,18:20:00,2023-09-20,2023-09-20,长沙机场,上海机场,1300,YES
10128,兰州,西宁,09:20:00,11:41:00,2023-09-16,2023-09-16,兰州机场,西宁机场,1100,YES
10129,重庆,天津,09:20:00,11:41:00,2023-09-16,2023-09-16,重庆机场,天津机场,1100,YES
10130,哈尔滨,郑州,09:20:00,11:41:00,2023-09-22,2023-09-22,哈尔滨机场,郑州机场,1000,YES
10131,广州,上海,11:20:00,13:35:00,2023-09-21,2023-09-21,广州机场,上海机场,1300,YES
10132,海口,太原,08:20:00,10:13:00,2023-09-14,2023-09-14,海口机场,太原机场,1500,YES
10133,海口,兰州,11:20:00,13:35:00,2023-09-18,2023-09-18,海口机场,兰州机场,1200,YES
10134,兰州,北京,15:20:00,17:30:00,2023-09-21,2023-09-21,兰州机场,北京机场,1000,YES
10135,长春,西宁,11:20:00,13:35:00,2023-09-16,2023-09-16,长春机场,西宁机场,1900,YES
10136,武汉,太原,09:20:00,11:41:00,2023-09-21,2023-09-21,武汉机场,太原机场,1500,YES
10137,沈阳,北京,12:20:00,14:07:00,2023-09-17,2023-09-17,沈阳机场,北京机场,1900,YES
10138,福州,郑州,13:20:00,15:20:00,2023-09-22,2023-09-22,福州机场,郑州机场,1600,YES
10140,沈阳,上海,12:20:00,14:07:00,2023-09-22,2023-09-22,沈阳机场,上海机场,1300,YES
10144,石家庄,兰州,09:20:00,11:41:00,2023-09-18,2023-09-18,石家庄机场,兰州机场,1100,YES
10147,昆明,北京,09:20:00,11:41:00,2023-09-16,2023-09-16,昆明机场,北京机场,1100,YES
10148,沈阳,西安,17:20:00,19:50:00,2023-09-19,2023-09-19,沈阳机场,西安机场,1500,YES
10150,沈阳,西安,13:20:00,15:20:00,2023-09-22,2023-09-22,沈阳机场,西安机场,1100,YES
10151,沈阳,兰州,17:20:00,19:50:00,2023-09-19,2023-09-19,沈阳机场,兰州机场,1400,YES
10152,郑州,天津,11:20:00,13:35:00,2023-09-18,2023-09-18,郑州机场,天津机场,1900,YES
10153,哈尔滨,重庆,15:20:00,17:30:00,2023-09-22,2023-09-22,哈尔滨机场,重庆机场,1200,YES
10155,成都,北京,14:20:00,16:10:00,2023-09-21,2023-09-21,成都机场,北京机场,1500,YES
10156,哈尔滨,西安,14:20:00,16:10:00,2023-09-17,2023-09-17,哈尔滨机场,西安机场,1200,YES
10157,上海,天津,10:20:00,12:42:00,2023-09-15,2023-09-15,上海机场,天津机场,1600,YES
10158,广州,北京,12:20:00,14:07:00,2023-09-18,2023-09-18,广州机场,北京机场,1900,YES
10159,北京,西安,14:20:00,16:10:00,2023-09-19,2023-09-19,北京机场,西安机场,1900,YES
10161,福州,郑州,08:20:00,10:13:00,2023-09-20,2023-09-20,福州机场,郑州机场,1700,YES
10164,合肥,天津,16:20:00,18:20:00,2023-09-14,2023-09-14,合肥机场,天津机场,1500,YES
10165,天津,重庆,10:20:00,12:42:00,2023-09-17,2023-09-17,天津机场,重庆机场,1000,YES
10168,台北,北京,17:20:00,19:50:00,2023-09-13,2023-09-13,台北机场,北京机场,1400,YES
10169,长沙,西安,12:20:00,14:07:00,2023-09-13,2023-09-13,长沙机场,西安机场,1700,YES
10170,南京,济南,12:20:00,14:07:00,2023-09-20,2023-09-20,南京机场,济南机场,1000,YES
10171,沈阳,西宁,16:20:00,18:20:00,2023-09-20,2023-09-20,沈阳机场,西宁机场,1700,YES
10172,长春,兰州,15:20:00,17:30:00,2023-09-20,2023-09-20,长春机场,兰州机场,1000,YES
10173,武汉,北京,08:20:00,10:13:00,2023-09-18,2023-09-18,武汉机场,北京机场,1800,YES
10176,海口,济南,08:20:00,10:13:00,2023-09-15,2023-09-15,海口机场,济南机场,1100,YES
10177,西宁,济南,09:20:00,11:41:00,2023-09-22,2023-09-22,西宁机场,济南机场,1700,YES
10178,哈尔滨,太原,09:20:00,11:41:00,2023-09-19,2023-09-19,哈尔滨机场,太原机场,1500,YES
10180,太原,西宁,14:20:00,16:10:00,2023-09-22,2023-09-22,太原机场,西宁机场,1300,YES
10181,贵阳,济南,12:20:00,14:07:00,2023-09-16,2023-09-16,贵阳机场,济南机场,1600,YES
10182,贵阳,上海,13:20:00,15:20:00,2023-09-16,2023-09-16,贵阳机场,上海机场,1600,YES
10184,长沙,郑州,09:20:00,11:41:00,2023-09-17,2023-09-17,长沙机场,郑州机场,1700,YES
10185,台北,兰州,15:20:00,17:30:00,2023-09-22,2023-09-22,台北机场,兰州机场,1900,YES
10186,合肥,太原,08:20:00,10:13:00,2023-09-15,2023-09-15,合肥机场,太原机场,1100,YES
10187,海口,重庆,09:20:00,11:41:00,2023-09-18,2023-09-18,海口机场,重庆机场,1100,YES
10189,杭州,西宁,15:20:00,17:30:00,2023-09-14,2023-09-14,杭州机场,西宁机场,1400,YES
10190,郑州,西安,08:20:00,10:13:00,2023-09-13,2023-09-13,郑州机场,西安机场,1200,YES
10193,长沙,兰州,12:20:00,14:07:00,2023-09-22,2023-09-22,长沙机场,兰州机场,1100,YES
10194,沈阳,西安,15:20:00,17:30:00,2023-09-14,2023-09-14,沈阳机场,西安机场,1600,YES
10196,福州,西安,10:20:00,12:42:00,2023-09-21,2023-09-21,福州机场,西安机场,1400,YES
10197,贵阳,郑州,15:20:00,17:30:00,2023-09-14,2023-09-14,贵阳机场,郑州机场,1500,YES
10200,台北,天津,13:20:00,15:20:00,2023-09-22,2023-09-22,台北机场,天津机场,1100,YES
10203,兰州,西安,10:20:00,12:42:00,2023-09-16,2023-09-16,兰州机场,西安机场,1500,YES
10205,昆明,西安,11:20:00,13:35:00,2023-09-16,2023-09-16,昆明机场,西安机场,1200,YES
10206,福州,北京,08:20:00,10:13:00,2023-09-22,2023-09-22,福州机场,北京机场,1400,YES
10208,天津,上海,08:20:00,10:13:00,2023-09-17,2023-09-17,天津机场,上海机场,1900,YES
10211,台北,郑州,14:20:00,16:10:00,2023-09-18,2023-09-18,台北机场,郑州机场,1000,YES
10212,哈尔滨,上海,08:20:00,10:13:00,2023-09-20,2023-09-20,哈尔滨机场,上海机场,1400,YES
10214,哈尔滨,兰州,14:20:00,16:10:00,2023-09-22,2023-09-22,哈尔滨机场,兰州机场,1500,YES
10215,沈阳,重庆,11:20:00,13:35:00,2023-09-18,2023-09-18,沈阳机场,重庆机场,1900,YES
10216,天津,上海,14:20:00,16:10:00,2023-09-20,2023-09-20,天津机场,上海机场,1300,YES
10217,台北,西安,09:20:00,11:41:00,2023-09-22,2023-09-22,台北机场,西安机场,1500,YES
10219,郑州,太原,12:20:00,14:07:00,2023-09-21,2023-09-21,郑州机场,太原机场,1600,YES
10221,福州,上海,13:20:00,15:20:00,2023-09-13,2023-09-13,福州机场,上海机场,1100,YES
10222,长春,兰州,13:20:00,15:20:00,2023-09-15,2023-09-15,长春机场,兰州机场,1200,YES
10223,兰州,济南,14:20:00,16:10:00,2023-09-20,2023-09-20,兰州机场,济南机场,1400,YES
10225,南昌,西宁,11:20:00,13:35:00,2023-09-21,2023-09-21,南昌机场,西宁机场,1200,YES
10227,杭州,兰州,16:20:00,18:20:00,2023-09-20,2023-09-20,杭州机场,兰州机场,1700,YES
10228,昆明,上海,11:20:00,13:35:00,2023-09-16,2023-09-16,昆明机场,上海机场,1700,YES
10229,贵阳,太原,15:20:00,17:30:00,2023-09-16,2023-09-16,贵阳机场,太原机场,1500,YES
10230,济南,西宁,17:20:00,19:50:00,2023-09-15,2023-09-15,济南机场,西宁机场,1500,YES
10232,长春,重庆,17:20:00,19:50:00,2023-09-14,2023-09-14,长春机场,重庆机场,1000,YES
10233,南昌,济南,14:20:00,16:10:00,2023-09-18,2023-09-18,南昌机场,济南机场,1200,YES
10234,长春,郑州,08:20:00,10:13:00,2023-09-22,2023-09-22,长春机场,郑州机场,1100,YES
10235,南昌,太原,12:20:00,14:07:00,2023-09-16,2023-09-16,南昌机场,太原机场,1100,YES
10237,兰州,天津,14:20:00,16:10:00,2023-09-18,2023-09-18,兰州机场,天津机场,1600,YES
10238,杭州,兰州,10:20:00,12:42:00,2023-09-21,2023-09-21,杭州机场,兰州机场,1200,YES
10240,郑州,太原,17:20:00,19:50:00,2023-09-17,2023-09-17,郑州机场,太原机场,1000,YES
10241,长沙,天津,10:20:00,12:42:00,2023-09-17,2023-09-17,长沙机场,天津机场,1600,YES
10242,贵阳,上海,14:20:00,16:10:00,2023-09-18,2023-09-18,贵阳机场,上海机场,1200,YES
10244,上海,郑州,10:20:00,12:42:00,2023-09-19,2023-09-19,上海机场,郑州机场,1000,YES
10245,杭州,西宁,15:20:00,17:30:00,2023-09-13,2023-09-13,杭州机场,西宁机场,1600,YES
10248,北京,西安,08:20:00,10:13:00,2023-09-13,2023-09-13,北京机场,西安机场,1500,YES
10249,兰州,天津,12:20:00,14:07:00,2023-09-13,2023-09-13,兰州机场,天津机场,1600,YES
10251,长春,西宁,15:20:00,17:30:00,2023-09-16,2023-09-16,长春机场,西宁机场,1400,YES
10253,西宁,太原,12:20:00,14:07:00,2023-09-18,2023-09-18,西宁机场,太原机场,1800,YES
10256,南昌,西宁,16:20:00,18:20:00,2023-09-21,2023-09-21,南昌机场,西宁机场,1000,YES
10257,贵阳,天津,16:20:00,18:20:00,2023-09-18,2023-09-18,贵阳机场,天津机场,1600,YES
10259,石家庄,西宁,17:20:00,19:50:00,2023-09-22,2023-09-22,石家庄机场,西宁机场,1700,YES
10260,南京,西宁,16:20:00,18:20:00,2023-09-16,2023-09-16,南京机场,西宁机场,1600,YES
10261,海口,西宁,08:20:00,10:13:00,2023-09-18,2023-09-18,海口机场,西宁机场,1400,YES
10262,昆明,西安,11:20:00,13:35:00,2023-09-20,2023-09-20,昆明机场,西安机场,1500,YES
10263,太原,重庆,11:20:00,13:35:00,2023-09-13,2023-09-13,太原机场,重庆机场,1200,YES
10264,成都,重庆,09:20:00,11:41:00,2023-09-19,2023-09-19,成都机场,重庆机场,1300,YES
10266,长春,兰州,14:20:00,16:10:00,2023-09-13,2023-09-13,长春机场,兰州机场,1900,YES
10267,南昌,重庆,09:20:00,11:41:00,2023-09-19,2023-09-19,南昌机场,重庆机场,1500,YES
10273,上海,济南,09:20:00,11:41:00,2023-09-20,2023-09-20,上海机场,济南机场,1500,YES
10275,长春,重庆,09:20:00,11:41:00,2023-09-18,2023-09-18,长春机场,重庆机场,1100,YES
10279,沈阳,济南,14:20:00,16:10:00,2023-09-20,2023-09-20,沈阳机场,济南机场,1500,YES
10281,长春,重庆,10:20:00,12:42:00,2023-09-21,2023-09-21,长春机场,重庆机场,1700,YES
10282,石家庄,西安,08:20:00,10:13:00,2023-09-18,2023-09-18,石家庄机场,西安机场,1400,YES
10283,北京,上海,14:20:00,16:10:00,2023-09-22,2023-09-22,北京机场,上海机场,1700,YES
10284,成都,太原,13:20:00,15:20:00,2023-09-20,2023-09-20,成都机场,太原机场,1600,YES
10285,南京,济南,12:20:00,14:07:00,2023-09-16,2023-09-16,南京机场,济南机场,1700,YES
10286,海口,重庆,08:20:00,10:13:00,2023-09-18,2023-09-18,海口机场,重庆机场,1400,YES
10287,贵阳,兰州,15:20:00,17:30:00,2023-09-21,2023-09-21,贵阳机场,兰州机场,1200,YES
10288,沈阳,西宁,13:20:00,15:20:00,2023-09-17,2023-09-17,沈阳机场,西宁机场,1700,YES
10292,海口,太原,17:20:00,19:50:00,2023-09-15,2023-09-15,海口机场,太原机场,1900,YES
10293,长春,郑州,13:20:00,15:20:00,2023-09-16,2023-09-16,长春机场,郑州机场,1900,YES
10295,昆明,郑州,11:20:00,13:35:00,2023-09-22,2023-09-22,昆明机场,郑州机场,1100,YES
10296,太原,上海,17:20:00,19:50:00,2023-09-20,2023-09-20,太原机场,上海机场,1500,YES
10297,昆明,济南,15:20:00,17:30:00,2023-09-16,2023-09-16,昆明机场,济南机场,1400,YES
10298,北京,上海,12:20:00,14:07:00,2023-09-22,2023-09-22,北京机场,上海机场,1600,YES
10299,太原,北京,13:20:00,15:20:00,2023-09-17,2023-09-17,太原机场,北京机场,1900,YES
10301,上海,西宁,16:20:00,18:20:00,2023-09-21,2023-09-21,上海机场,西宁机场,1900,YES
10303,成都,郑州,15:20:00,17:30:00,2023-09-14,2023-09-14,成都机场,郑州机场,1100,YES
10304,昆明,北京,08:20:00,10:13:00,2023-09-22,2023-09-22,昆明机场,北京机场,1100,YES
10306,兰州,上海,17:20:00,19:50:00,2023-09-14,2023-09-14,兰州机场,上海机场,1000,YES
10307,郑州,重庆,14:20:00,16:10:00,2023-09-17,2023-09-17,郑州机场,重庆机场,1800,YES
10308,福州,太原,14:20:00,16:10:00,2023-09-21,2023-09-21,福州机场,太原机场,1100,YES
10309,兰州,西宁,08:20:00,10:13:00,2023-09-19,2023-09-19,兰州机场,西宁机场,1500,YES
10310,合肥,西安,15:20:00,17:30:00,2023-09-17,2023-09-17,合肥机场,西安机场,1500,YES
10312,海口,兰州,14:20:00,16:10:00,2023-09-20,2023-09-20,海口机场,兰州机场,1700,YES
10313,贵阳,北京,11:20:00,13:35:00,2023-09-19,2023-09-19,贵阳机场,北京机场,1400,YES
10314,济南,天津,11:20:00,13:35:00,2023-09-20,2023-09-20,济南机场,天津机场,1300,YES
10315,沈阳,北京,09:20:00,11:41:00,2023-09-16,2023-09-16,沈阳机场,北京机场,1100,YES
10316,台北,兰州,12:20:00,14:07:00,2023-09-21,2023-09-21,台北机场,兰州机场,1800,YES
10317,广州,郑州,12:20:00,14:07:00,2023-09-17,2023-09-17,广州机场,郑州机场,1500,YES
10318,海口,郑州,17:20:00,19:50:00,2023-09-16,2023-09-16,海口机场,郑州机场,1000,YES
10319,台北,兰州,08:20:00,10:13:00,2023-09-14,2023-09-14,台北机场,兰州机场,1600,YES
10320,成都,济南,14:20:00,16:10:00,2023-09-13,2023-09-13,成都机场,济南机场,1000,YES
10321,上海,天津,13:20:00,15:20:00,2023-09-14,2023-09-14,上海机场,天津机场,1500,YES
10322,长沙,天津,14:20:00,16:10:00,2023-09-15,2023-09-15,长沙机场,天津机场,1100,YES
10323,上海,郑州,12:20:00,14:07:00,2023-09-20,2023-09-20,上海机场,郑州机场,1300,YES
10324,哈尔滨,兰州,12:20:00,14:07:00,2023-09-19,2023-09-19,哈尔滨机场,兰州机场,1500,YES
10325,广州,西宁,17:20:00,19:50:00,2023-09-21,2023-09-21,广州机场,西宁机场,1000,YES
10327,哈尔滨,上海,11:20:00,13:35:00,2023-09-15,2023-09-15,哈尔滨机场,上海机场,1500,YES
10328,西宁,北京,17:20:00,19:50:00,2023-09-21,2023-09-21,西宁机场,北京机场,1100,YES
10329,北京,西安,13:20:00,15:20:00,2023-09-18,2023-09-18,北京机场,西安机场,1300,YES
10331,合肥,北京,13:20:00,15:20:00,2023-09-15,2023-09-15,合肥机场,北京机场,1100,YES
10332,沈阳,西安,16:20:00,18:20:00,2023-09-18,2023-09-18,沈阳机场,西安机场,1300,YES
10333,上海,郑州,15:20:00,17:30:00,2023-09-21,2023-09-21,上海机场,郑州机场,1600,YES
10334,重庆,太原,13:20:00,15:20:00,2023-09-19,2023-09-19,重庆机场,太原机场,1700,YES
10335,武汉,郑州,17:20:00,19:50:00,2023-09-22,2023-09-22,武汉机场,郑州机场,1100,YES
10336,上海,郑州,14:20:00,16:10:00,2023-09-17,2023-09-17,上海机场,郑州机场,1600,YES
10337,海口,太原,13:20:00,15:20:00,2023-09-17,2023-09-17,海口机场,太原机场,1100,YES
10340,郑州,上海,15:20:00,17:30:00,2023-09-19,2023-09-19,郑州机场,上海机场,1500,YES
10341,沈阳,西安,15:20:00,17:30:00,2023-09-20,2023-09-20,沈阳机场,西安机场,1800,YES
10342,兰州,天津,10:20:00,12:42:00,2023-09-13,2023-09-13,兰州机场,天津机场,1100,YES
10343,天津,兰州,12:20:00,14:07:00,2023-09-15,2023-09-15,天津机场,兰州机场,1600,YES
10344,太原,西安,09:20:00,11:41:00,2023-09-17,2023-09-17,太原机场,西安机场,1600,YES
10345,上海,重庆,17:20:00,19:50:00,2023-09-16,2023-09-16,上海机场,重庆机场,1900,YES
10347,上海,重庆,14:20:00,16:10:00,2023-09-16,2023-09-16,上海机场,重庆机场,1300,YES
10348,海口,太原,10:20:00,12:42:00,2023-09-18,2023-09-18,海口机场,太原机场,1000,YES
10352,合肥,郑州,14:20:00,16:10:00,2023-09-16,2023-09-16,合肥机场,郑州机场,1800,YES
10355,郑州,兰州,09:20:00,11:41:00,2023-09-19,2023-09-19,郑州机场,兰州机场,1300,YES
10356,哈尔滨,重庆,11:20:00,13:35:00,2023-09-13,2023-09-13,哈尔滨机场,重庆机场,1300,YES
10357,武汉,重庆,09:20:00,11:41:00,2023-09-15,2023-09-15,武汉机场,重庆机场,1400,YES
10358,合肥,西宁,17:20:00,19:50:00,2023-09-14,2023-09-14,合肥机场,西宁机场,1100,YES
10360,石家庄,太原,16:20:00,18:20:00,2023-09-19,2023-09-19,石家庄机场,太原机场,1600,YES
10361,兰州,上海,13:20:00,15:20:00,2023-09-17,2023-09-17,兰州机场,上海机场,1500,YES
10363,上海,太原,11:20:00,13:35:00,2023-09-19,2023-09-19,上海机场,太原机场,1600,YES
10364,成都,天津,14:20:00,16:10:00,2023-09-21,2023-09-21,成都机场,天津机场,1100,YES
10365,南京,太原,11:20:00,13:35:00,2023-09-14,2023-09-14,南京机场,太原机场,1400,YES
10366,台北,北京,14:20:00,16:10:00,2023-09-19,2023-09-19,台北机场,北京机场,1200,YES
10367,贵阳,济南,16:20:00,18:20:00,2023-09-17,2023-09-17,贵阳机场,济南机场,1500,YES
10368,天津,太原,17:20:00,19:50:00,2023-09-20,2023-09-20,天津机场,太原机场,1000,YES
10371,太原,上海,15:20:00,17:30:00,2023-09-14,2023-09-14,太原机场,上海机场,1100,YES
10372,石家庄,西宁,09:20:00,11:41:00,2023-09-20,2023-09-20,石家庄机场,西宁机场,1200,YES
10373,郑州,济南,11:20:00,13:35:00,2023-09-16,2023-09-16,郑州机场,济南机场,1700,YES
10374,西安,北京,16:20:00,18:20:00,2023-09-22,2023-09-22,西安机场,北京机场,1000,YES
10376,哈尔滨,北京,16:20:00,18:20:00,2023-09-17,2023-09-17,哈尔滨机场,北京机场,1600,YES
10377,兰州,西安,16:20:00,18:20:00,2023-09-13,2023-09-13,兰州机场,西安机场,1300,YES
10378,南昌,天津,11:20:00,13:35:00,2023-09-16,2023-09-16,南昌机场,天津机场,1400,YES
10379,上海,济南,08:20:00,10:13:00,2023-09-21,2023-09-21,上海机场,济南机场,1700,YES
10380,西宁,郑州,17:20:00,19:50:00,2023-09-14,2023-09-14,西宁机场,郑州机场,1100,YES
10381,广州,西安,11:20:00,13:35:00,2023-09-15,2023-09-15,广州机场,西安机场,1600,YES
10384,兰州,西宁,11:20:00,13:35:00,2023-09-15,2023-09-15,兰州机场,西宁机场,1900,YES
10386,哈尔滨,北京,16:20:00,18:20:00,2023-09-13,2023-09-13,哈尔滨机场,北京机场,1800,YES
10392,重庆,上海,10:20:00,12:42:00,2023-09-18,2023-09-18,重庆机场,上海机场,1100,YES
10393,郑州,重庆,08:20:00,10:13:00,2023-09-17,2023-09-17,郑州机场,重庆机场,1100,YES
10397,南昌,重庆,10:20:00,12:42:00,2023-09-20,2023-09-20,南昌机场,重庆机场,1300,YES
10398,昆明,西安,17:20:00,19:50:00,2023-09-15,2023-09-15,昆明机场,西安机场,1100,YES
10399,昆明,济南,08:20:00,10:13:00,2023-09-18,2023-09-18,昆明机场,济南机场,1100,YES
10401,郑州,天津,10:20:00,12:42:00,2023-09-17,2023-09-17,郑州机场,天津机场,1900,YES
10402,武汉,西宁,12:20:00,14:07:00,2023-09-20,2023-09-20,武汉机场,西宁机场,1000,YES
10404,海口,郑州,15:20:00,17:30:00,2023-09-17,2023-09-17,海口机场,郑州机场,1400,YES
10408,海口,太原,12:20:00,14:07:00,2023-09-14,2023-09-14,海口机场,太原机场,1000,YES
10410,昆明,西宁,13:20:00,15:20:00,2023-09-22,2023-09-22,昆明机场,西宁机场,1700,YES
10411,南昌,西安,15:20:00,17:30:00,2023-09-18,2023-09-18,南昌机场,西安机场,1600,YES
10412,重庆,西安,14:20:00,16:10:00,2023-09-16,2023-09-16,重庆机场,西安机场,1900,YES
10414,台北,兰州,15:20:00,17:30:00,2023-09-17,2023-09-17,台北机场,兰州机场,1600,YES
10415,贵阳,太原,16:20:00,18:20:00,2023-09-17,2023-09-17,贵阳机场,太原机场,1400,YES
10418,福州,济南,13:20:00,15:20:00,2023-09-13,2023-09-13,福州机场,济南机场,1000,YES
10419,成都,北京,12:20:00,14:07:00,2023-09-20,2023-09-20,成都机场,北京机场,1900,YES
10420,石家庄,北京,16:20:00,18:20:00,2023-09-16,2023-09-16,石家庄机场,北京机场,1600,YES
10421,武汉,济南,16:20:00,18:20:00,2023-09-16,2023-09-16,武汉机场,济南机场,1800,YES
10423,沈阳,兰州,10:20:00,12:42:00,2023-09-21,2023-09-21,沈阳机场,兰州机场,1000,YES
10424,石家庄,北京,16:20:00,18:20:00,2023-09-21,2023-09-21,石家庄机场,北京机场,1800,YES
10425,南昌,重庆,15:20:00,17:30:00,2023-09-22,2023-09-22,南昌机场,重庆机场,1000,YES
10426,合肥,天津,17:20:00,19:50:00,2023-09-19,2023-09-19,合肥机场,天津机场,1300,YES
10429,沈阳,兰州,10:20:00,12:42:00,2023-09-14,2023-09-14,沈阳机场,兰州机场,1000,YES
10431,武汉,天津,08:20:00,10:13:00,2023-09-16,2023-09-16,武汉机场,天津机场,1600,YES
10433,济南,上海,16:20:00,18:20:00,2023-09-22,2023-09-22,济南机场,上海机场,1300,YES
10434,长沙,郑州,09:20:00,11:41:00,2023-09-22,2023-09-22,长沙机场,郑州机场,1500,YES
10436,台北,重庆,11:20:00,13:35:00,2023-09-18,2023-09-18,台北机场,重庆机场,1300,YES
10439,太原,郑州,10:20:00,12:42:00,2023-09-19,2023-09-19,太原机场,郑州机场,1700,YES
10440,上海,天津,15:20:00,17:30:00,2023-09-18,2023-09-18,上海机场,天津机场,1200,YES
10441,郑州,西安,12:20:00,14:07:00,2023-09-22,2023-09-22,郑州机场,西安机场,1900,YES
10442,合肥,济南,08:20:00,10:13:00,2023-09-20,2023-09-20,合肥机场,济南机场,1500,YES
10443,北京,兰州,15:20:00,17:30:00,2023-09-16,2023-09-16,北京机场,兰州机场,1400,YES
10444,上海,天津,14:20:00,16:10:00,2023-09-20,2023-09-20,上海机场,天津机场,1200,YES
10445,昆明,重庆,16:20:00,18:20:00,2023-09-18,2023-09-18,昆明机场,重庆机场,1300,YES
10446,海口,济南,08:20:00,10:13:00,2023-09-13,2023-09-13,海口机场,济南机场,1100,YES
10448,西宁,重庆,09:20:00,11:41:00,2023-09-13,2023-09-13,西宁机场,重庆机场,1800,YES
10449,昆明,济南,14:20:00,16:10:00,2023-09-20,2023-09-20,昆明机场,济南机场,1600,YES
10450,昆明,北京,15:20:00,17:30:00,2023-09-13,2023-09-13,昆明机场,北京机场,1100,YES
10452,石家庄,太原,11:20:00,13:35:00,2023-09-21,2023-09-21,石家庄机场,太原机场,1500,YES
10453,石家庄,太原,14:20:00,16:10:00,2023-09-13,2023-09-13,石家庄机场,太原机场,1600,YES
10454,昆明,太原,15:20:00,17:30:00,2023-09-15,2023-09-15,昆明机场,太原机场,1900,YES
10455,北京,重庆,08:20:00,10:13:00,2023-09-18,2023-09-18,北京机场,重庆机场,1300,YES
10457,杭州,天津,10:20:00,12:42:00,2023-09-14,2023-09-14,杭州机场,天津机场,1400,YES
10458,成都,重庆,08:20:00,10:13:00,2023-09-19,2023-09-19,成都机场,重庆机场,1500,YES
10459,贵阳,西安,16:20:00,18:20:00,2023-09-13,2023-09-13,贵阳机场,西安机场,1300,YES
10460,广州,西安,16:20:00,18:20:00,2023-09-13,2023-09-13,广州机场,西安机场,1900,YES
10461,台北,济南,12:20:00,14:07:00,2023-09-22,2023-09-22,台北机场,济南机场,1400,YES
10462,南昌,北京,16:20:00,18:20:00,2023-09-21,2023-09-21,南昌机场,北京机场,1700,YES
10463,郑州,济南,17:20:00,19:50:00,2023-09-13,2023-09-13,郑州机场,济南机场,1900,YES
10464,合肥,西宁,13:20:00,15:20:00,2023-09-17,2023-09-17,合肥机场,西宁机场,1200,YES
10465,南昌,天津,13:20:00,15:20:00,2023-09-17,2023-09-17,南昌机场,天津机场,1100,YES
10466,沈阳,北京,14:20:00,16:10:00,2023-09-19,2023-09-19,沈阳机场,北京机场,1300,YES
10468,台北,上海,12:20:00,14:07:00,2023-09-14,2023-09-14,台北机场,上海机场,1600,YES
10469,台北,太原,13:20:00,15:20:00,2023-09-18,2023-09-18,台北机场,太原机场,1600,YES
10470,杭州,重庆,15:20:00,17:30:00,2023-09-18,2023-09-18,杭州机场,重庆机场,1800,YES
10471,长沙,济南,13:20:00,15:20:00,2023-09-21,2023-09-21,长沙机场,济南机场,1600,YES
10472,昆明,上海,12:20:00,14:07:00,2023-09-20,2023-09-20,昆明机场,上海机场,1400,YES
10473,南昌,济南,08:20:00,10:13:00,2023-09-16,2023-09-16,南昌机场,济南机场,1500,YES
10475,兰州,郑州,09:20:00,11:41:00,2023-09-13,2023-09-13,兰州机场,郑州机场,1000,YES
10476,杭州,西宁,13:20:00,15:20:00,2023-09-22,2023-09-22,杭州机场,西宁机场,1800,YES
10477,石家庄,太原,10:20:00,12:42:00,2023-09-21,2023-09-21,石家庄机场,太原机场,1800,YES
10478,昆明,天津,09:20:00,11:41:00,2023-09-20,2023-09-20,昆明机场,天津机场,1900,YES
10479,台北,上海,10:20:00,12:42:00,2023-09-18,2023-09-18,台北机场,上海机场,1000,YES
10480,西安,北京,10:20:00,12:42:00,2023-09-17,2023-09-17,西安机场,北京机场,1700,YES
10483,南昌,北京,13:20:00,15:20:00,2023-09-17,2023-09-17,南昌机场,北京机场,1100,YES
10484,台北,天津,10:20:00,12:42:00,2023-09-20,2023-09-20,台北机场,天津机场,1000,YES
10486,杭州,西宁,16:20:00,18:20:00,2023-09-22,2023-09-22,杭州机场,西宁机场,1300,YES
10487,石家庄,郑州,15:20:00,17:30:00,2023-09-19,2023-09-19,石家庄机场,郑州机场,1500,YES
10488,昆明,重庆,08:20:00,10:13:00,2023-09-21,2023-09-21,昆明机场,重庆机场,1400,YES
10489,福州,上海,10:20:00,12:42:00,2023-09-17,2023-09-17,福州机场,上海机场,1200,YES
10490,郑州,北京,11:20:00,13:35:00,2023-09-17,2023-09-17,郑州机场,北京机场,1700,YES
10491,长沙,太原,15:20:00,17:30:00,2023-09-22,2023-09-22,长沙机场,太原机场,1800,YES
10493,南京,太原,13:20:00,15:20:00,2023-09-13,2023-09-13,南京机场,太原机场,1300,YES
10494,郑州,兰州,08:20:00,10:13:00,2023-09-13,2023-09-13,郑州机场,兰州机场,1300,YES
10495,上海,西宁,11:20:00,13:35:00,2023-09-17,2023-09-17,上海机场,西宁机场,1500,YES
10498,天津,兰州,10:20:00,12:42:00,2023-09-13,2023-09-13,天津机场,兰州机场,1800,YES
10501,沈阳,济南,11:20:00,13:35:00,2023-09-14,2023-09-14,沈阳机场,济南机场,1700,YES
10502,重庆,郑州,14:20:00,16:10:00,2023-09-16,2023-09-16,重庆机场,郑州机场,1900,YES
10504,成都,天津,14:20:00,16:10:00,2023-09-20,2023-09-20,成都机场,天津机场,1900,YES
10505,西宁,重庆,17:20:00,19:50:00,2023-09-16,2023-09-16,西宁机场,重庆机场,1500,YES
10506,长春,重庆,16:20:00,18:20:00,2023-09-20,2023-09-20,长春机场,重庆机场,1500,YES
10507,贵阳,兰州,14:20:00,16:10:00,2023-09-15,2023-09-15,贵阳机场,兰州机场,1700,YES
10510,西宁,天津,13:20:00,15:20:00,2023-09-20,2023-09-20,西宁机场,天津机场,1200,YES
10511,上海,天津,15:20:00,17:30:00,2023-09-21,2023-09-21,上海机场,天津机场,1200,YES
10512,海口,太原,13:20:00,15:20:00,2023-09-16,2023-09-16,海口机场,太原机场,1500,YES
10513,天津,济南,14:20:00,16:10:00,2023-09-22,2023-09-22,天津机场,济南机场,1200,YES
10515,重庆,上海,13:20:00,15:20:00,2023-09-13,2023-09-13,重庆机场,上海机场,1200,YES
10516,南京,郑州,10:20:00,12:42:00,2023-09-17,2023-09-17,南京机场,郑州机场,1900,YES
10517,成都,上海,11:20:00,13:35:00,2023-09-14,2023-09-14,成都机场,上海机场,1600,YES
10518,石家庄,重庆,09:20:00,11:41:00,2023-09-16,2023-09-16,石家庄机场,重庆机场,1000,YES
10520,福州,西宁,10:20:00,12:42:00,2023-09-18,2023-09-18,福州机场,西宁机场,1200,YES
10521,北京,上海,12:20:00,14:07:00,2023-09-18,2023-09-18,北京机场,上海机场,1100,YES
10523,台北,济南,14:20:00,16:10:00,2023-09-16,2023-09-16,台北机场,济南机场,1300,YES
10524,上海,重庆,15:20:00,17:30:00,2023-09-20,2023-09-20,上海机场,重庆机场,1900,YES
10525,沈阳,西安,15:20:00,17:30:00,2023-09-19,2023-09-19,沈阳机场,西安机场,1900,YES
10526,贵阳,天津,15:20:00,17:30:00,2023-09-17,2023-09-17,贵阳机场,天津机场,1200,YES
10527,上海,郑州,10:20:00,12:42:00,2023-09-14,2023-09-14,上海机场,郑州机场,1900,YES
10528,兰州,天津,16:20:00,18:20:00,2023-09-18,2023-09-18,兰州机场,天津机场,1300,YES
10530,台北,太原,08:20:00,10:13:00,2023-09-22,2023-09-22,台北机场,太原机场,1300,YES
10531,长春,重庆,15:20:00,17:30:00,2023-09-14,2023-09-14,长春机场,重庆机场,1700,YES
10532,长沙,郑州,17:20:00,19:50:00,2023-09-17,2023-09-17,长沙机场,郑州机场,1700,YES
10533,福州,上海,16:20:00,18:20:00,2023-09-20,2023-09-20,福州机场,上海机场,1600,YES
10535,海口,郑州,16:20:00,18:20:00,2023-09-22,2023-09-22,海口机场,郑州机场,1400,YES
10536,福州,重庆,08:20:00,10:13:00,2023-09-13,2023-09-13,福州机场,重庆机场,1700,YES
10538,哈尔滨,郑州,11:20:00,13:35:00,2023-09-22,2023-09-22,哈尔滨机场,郑州机场,1500,YES
10539,广州,兰州,09:20:00,11:41:00,2023-09-13,2023-09-13,广州机场,兰州机场,1500,YES
10540,石家庄,西安,15:20:00,17:30:00,2023-09-13,2023-09-13,石家庄机场,西安机场,1700,YES
10541,合肥,上海,15:20:00,17:30:00,2023-09-21,2023-09-21,合肥机场,上海机场,1000,YES
10542,合肥,西安,08:20:00,10:13:00,2023-09-21,2023-09-21,合肥机场,西安机场,1800,YES
10543,济南,西宁,15:20:00,17:30:00,2023-09-13,2023-09-13,济南机场,西宁机场,1500,YES
10544,广州,兰州,15:20:00,17:30:00,2023-09-16,2023-09-16,广州机场,兰州机场,1100,YES
10546,昆明,济南,09:20:00,11:41:00,2023-09-20,2023-09-20,昆明机场,济南机场,1700,YES
10547,南京,天津,16:20:00,18:20:00,2023-09-14,2023-09-14,南京机场,天津机场,1900,YES
10548,石家庄,兰州,13:20:00,15:20:00,2023-09-13,2023-09-13,石家庄机场,兰州机场,1100,YES
10549,郑州,兰州,10:20:00,12:42:00,2023-09-17,2023-09-17,郑州机场,兰州机场,1100,YES
10552,贵阳,郑州,16:20:00,18:20:00,2023-09-20,2023-09-20,贵阳机场,郑州机场,1800,YES
10553,上海,西安,10:20:00,12:42:00,2023-09-14,2023-09-14,上海机场,西安机场,1500,YES
10556,济南,重庆,11:20:00,13:35:00,2023-09-16,2023-09-16,济南机场,重庆机场,1100,YES
10557,武汉,西宁,10:20:00,12:42:00,2023-09-18,2023-09-18,武汉机场,西宁机场,1300,YES
10559,重庆,济南,13:20:00,15:20:00,2023-09-17,2023-09-17,重庆机场,济南机场,1000,YES
10560,重庆,西宁,15:20:00,17:30:00,2023-09-18,2023-09-18,重庆机场,西宁机场,1700,YES
10561,西宁,北京,11:20:00,13:35:00,2023-09-20,2023-09-20,西宁机场,北京机场,1900,YES
10563,济南,重庆,14:20:00,16:10:00,2023-09-13,2023-09-13,济南机场,重庆机场,1900,YES
10564,哈尔滨,西安,09:20:00,11:41:00,2023-09-14,2023-09-14,哈尔滨机场,西安机场,1500,YES
10565,台北,上海,09:20:00,11:41:00,2023-09-21,2023-09-21,台北机场,上海机场,1700,YES
10566,合肥,重庆,11:20:00,13:35:00,2023-09-15,2023-09-15,合肥机场,重庆机场,1500,YES
10567,海口,济南,14:20:00,16:10:00,2023-09-15,2023-09-15,海口机场,济南机场,1400,YES
10568,海口,兰州,15:20:00,17:30:00,2023-09-14,2023-09-14,海口机场,兰州机场,1600,YES
10569,武汉,北京,13:20:00,15:20:00,2023-09-19,2023-09-19,武汉机场,北京机场,1900,YES
10570,西宁,北京,10:20:00,12:42:00,2023-09-15,2023-09-15,西宁机场,北京机场,1100,YES
10571,重庆,郑州,14:20:00,16:10:00,2023-09-13,2023-09-13,重庆机场,郑州机场,1900,YES
10572,天津,北京,14:20:00,16:10:00,2023-09-21,2023-09-21,天津机场,北京机场,1200,YES
10573,合肥,西安,17:20:00,19:50:00,2023-09-22,2023-09-22,合肥机场,西安机场,1200,YES
10575,武汉,重庆,15:20:00,17:30:00,2023-09-20,2023-09-20,武汉机场,重庆机场,1000,YES
10576,沈阳,重庆,14:20:00,16:10:00,2023-09-13,2023-09-13,沈阳机场,重庆机场,1200,YES
10582,南昌,济南,17:20:00,19:50:00,2023-09-19,2023-09-19,南昌机场,济南机场,1700,YES
10583,武汉,北京,17:20:00,19:50:00,2023-09-14,2023-09-14,武汉机场,北京机场,1400,YES
10584,广州,西安,13:20:00,15:20:00,2023-09-13,2023-09-13,广州机场,西安机场,1600,YES
10585,上海,重庆,17:20:00,19:50:00,2023-09-18,2023-09-18,上海机场,重庆机场,1700,YES
10586,合肥,西安,10:20:00,12:42:00,2023-09-17,2023-09-17,合肥机场,西安机场,1600,YES
10587,西宁,北京,08:20:00,10:13:00,2023-09-16,2023-09-16,西宁机场,北京机场,1100,YES
10590,南京,重庆,13:20:00,15:20:00,2023-09-13,2023-09-13,南京机场,重庆机场,1100,YES
10592,上海,太原,14:20:00,16:10:00,2023-09-19,2023-09-19,上海机场,太原机场,1400,YES
10593,南昌,重庆,15:20:00,17:30:00,2023-09-19,2023-09-19,南昌机场,重庆机场,1600,YES
10594,西宁,济南,13:20:00,15:20:00,2023-09-18,2023-09-18,西宁机场,济南机场,1100,YES
10595,昆明,西宁,08:20:00,10:13:00,2023-09-15,2023-09-15,昆明机场,西宁机场,1100,YES
10596,西宁,北京,15:20:00,17:30:00,2023-09-16,2023-09-16,西宁机场,北京机场,1500,YES
10597,沈阳,郑州,14:20:00,16:10:00,2023-09-20,2023-09-20,沈阳机场,郑州机场,1800,YES
10598,沈阳,重庆,11:20:00,13:35:00,2023-09-16,2023-09-16,沈阳机场,重庆机场,1000,YES
10599,郑州,北京,13:20:00,15:20:00,2023-09-18,2023-09-18,郑州机场,北京机场,1900,YES
10600,天津,济南,08:20:00,10:13:00,2023-09-19,2023-09-19,天津机场,济南机场,1600,YES
10601,哈尔滨,济南,16:20:00,18:20:00,2023-09-16,2023-09-16,哈尔滨机场,济南机场,1200,YES
10603,石家庄,济南,15:20:00,17:30:00,2023-09-19,2023-09-19,石家庄机场,济南机场,1500,YES
10604,兰州,天津,12:20:00,14:07:00,2023-09-17,2023-09-17,兰州机场,天津机场,1100,YES
10605,西宁,重庆,12:20:00,14:07:00,2023-09-14,2023-09-14,西宁机场,重庆机场,1700,YES
10606,长沙,天津,09:20:00,11:41:00,2023-09-22,2023-09-22,长沙机场,天津机场,1200,YES
10608,台北,西宁,15:20:00,17:30:00,2023-09-14,2023-09-14,台北机场,西宁机场,1200,YES
10611,昆明,郑州,12:20:00,14:07:00,2023-09-16,2023-09-16,昆明机场,郑州机场,1700,YES
10612,沈阳,北京,17:20:00,19:50:00,2023-09-19,2023-09-19,沈阳机场,北京机场,1500,YES
10613,成都,郑州,12:20:00,14:07:00,2023-09-18,2023-09-18,成都机场,郑州机场,1300,YES
10614,海口,兰州,09:20:00,11:41:00,2023-09-16,2023-09-16,海口机场,兰州机场,1300,YES
10615,合肥,北京,11:20:00,13:35:00,2023-09-21,2023-09-21,合肥机场,北京机场,1100,YES
10616,郑州,西宁,13:20:00,15:20:00,2023-09-18,2023-09-18,郑州机场,西宁机场,1600,YES
10617,长春,济南,16:20:00,18:20:00,2023-09-19,2023-09-19,长春机场,济南机场,1200,YES
10618,昆明,兰州,11:20:00,13:35:00,2023-09-16,2023-09-16,昆明机场,兰州机场,1300,YES
10620,武汉,太原,12:20:00,14:07:00,2023-09-20,2023-09-20,武汉机场,太原机场,1700,YES
10621,昆明,西宁,14:20:00,16:10:00,2023-09-14,2023-09-14,昆明机场,西宁机场,1200,YES
10622,南京,郑州,10:20:00,12:42:00,2023-09-20,2023-09-20,南京机场,郑州机场,1400,YES
10623,兰州,西安,14:20:00,16:10:00,2023-09-14,2023-09-14,兰州机场,西安机场,1200,YES
10625,台北,西安,09:20:00,11:41:00,2023-09-20,2023-09-20,台北机场,西安机场,1300,YES
10626,成都,天津,13:20:00,15:20:00,2023-09-14,2023-09-14,成都机场,天津机场,1000,YES
10628,哈尔滨,重庆,14:20:00,16:10:00,2023-09-13,2023-09-13,哈尔滨机场,重庆机场,1000,YES
10631,济南,重庆,13:20:00,15:20:00,2023-09-13,2023-09-13,济南机场,重庆机场,1300,YES
10634,太原,上海,10:20:00,12:42:00,2023-09-13,2023-09-13,太原机场,上海机场,1900,YES
10635,杭州,重庆,09:20:00,11:41:00,2023-09-21,2023-09-21,杭州机场,重庆机场,1500,YES
10637,广州,西安,10:20:00,12:42:00,2023-09-21,2023-09-21,广州机场,西安机场,1100,YES
10638,广州,北京,09:20:00,11:41:00,2023-09-15,2023-09-15,广州机场,北京机场,1800,YES
10639,北京,太原,12:20:00,14:07:00,2023-09-17,2023-09-17,北京机场,太原机场,1500,YES
10640,西安,重庆,13:20:00,15:20:00,2023-09-22,2023-09-22,西安机场,重庆机场,1700,YES
10642,南昌,西安,12:20:00,14:07:00,2023-09-17,2023-09-17,南昌机场,西安机场,1500,YES
10643,合肥,太原,09:20:00,11:41:00,2023-09-21,2023-09-21,合肥机场,太原机场,1700,YES
10644,兰州,郑州,09:20:00,11:41:00,2023-09-15,2023-09-15,兰州机场,郑州机场,1500,YES
10646,沈阳,北京,14:20:00,16:10:00,2023-09-21,2023-09-21,沈阳机场,北京机场,1600,YES
10647,郑州,太原,17:20:00,19:50:00,2023-09-15,2023-09-15,郑州机场,太原机场,1900,YES
10648,海口,上海,17:20:00,19:50:00,2023-09-13,2023-09-13,海口机场,上海机场,1600,YES
10649,郑州,济南,11:20:00,13:35:00,2023-09-13,2023-09-13,郑州机场,济南机场,1000,YES
10651,天津,北京,12:20:00,14:07:00,2023-09-17,2023-09-17,天津机场,北京机场,1000,YES
10654,福州,上海,12:20:00,14:07:00,2023-09-18,2023-09-18,福州机场,上海机场,1400,YES
10655,北京,兰州,09:20:00,11:41:00,2023-09-22,2023-09-22,北京机场,兰州机场,1000,YES
10657,重庆,上海,14:20:00,16:10:00,2023-09-14,2023-09-14,重庆机场,上海机场,1300,YES
10658,台北,济南,17:20:00,19:50:00,2023-09-19,2023-09-19,台北机场,济南机场,1800,YES
10660,成都,北京,14:20:00,16:10:00,2023-09-22,2023-09-22,成都机场,北京机场,1300,YES
10661,石家庄,郑州,16:20:00,18:20:00,2023-09-21,2023-09-21,石家庄机场,郑州机场,1300,YES
10662,长春,上海,14:20:00,16:10:00,2023-09-22,2023-09-22,长春机场,上海机场,1200,YES
10663,昆明,重庆,17:20:00,19:50:00,2023-09-15,2023-09-15,昆明机场,重庆机场,1200,YES
10665,长春,太原,11:20:00,13:35:00,2023-09-22,2023-09-22,长春机场,太原机场,1800,YES
10667,福州,北京,08:20:00,10:13:00,2023-09-20,2023-09-20,福州机场,北京机场,1000,YES
10668,广州,北京,10:20:00,12:42:00,2023-09-13,2023-09-13,广州机场,北京机场,1200,YES
10669,杭州,上海,10:20:00,12:42:00,2023-09-18,2023-09-18,杭州机场,上海机场,1500,YES
10670,杭州,兰州,14:20:00,16:10:00,2023-09-21,2023-09-21,杭州机场,兰州机场,1800,YES
10671,长春,上海,15:20:00,17:30:00,2023-09-15,2023-09-15,长春机场,上海机场,1200,YES
10672,武汉,重庆,16:20:00,18:20:00,2023-09-15,2023-09-15,武汉机场,重庆机场,1400,YES
10673,广州,兰州,10:20:00,12:42:00,2023-09-18,2023-09-18,广州机场,兰州机场,1200,YES
10674,北京,济南,16:20:00,18:20:00,2023-09-17,2023-09-17,北京机场,济南机场,1400,YES
10675,太原,郑州,14:20:00,16:10:00,2023-09-18,2023-09-18,太原机场,郑州机场,1400,YES
10676,南京,兰州,11:20:00,13:35:00,2023-09-17,2023-09-17,南京机场,兰州机场,1700,YES
10677,南昌,济南,10:20:00,12:42:00,2023-09-22,2023-09-22,南昌机场,济南机场,1400,YES
10678,天津,郑州,08:20:00,10:13:00,2023-09-14,2023-09-14,天津机场,郑州机场,1700,YES
10679,福州,西安,09:20:00,11:41:00,2023-09-19,2023-09-19,福州机场,西安机场,1100,YES
10680,台北,兰州,16:20:00,18:20:00,2023-09-21,2023-09-21,台北机场,兰州机场,1400,YES
10681,石家庄,重庆,14:20:00,16:10:00,2023-09-14,2023-09-14,石家庄机场,重庆机场,1600,YES
10682,成都,西安,09:20:00,11:41:00,2023-09-22,2023-09-22,成都机场,西安机场,1900,YES
10684,合肥,天津,10:20:00,12:42:00,2023-09-14,2023-09-14,合肥机场,天津机场,1700,YES
10685,福州,济南,11:20:00,13:35:00,2023-09-21,2023-09-21,福州机场,济南机场,1500,YES
10686,石家庄,太原,13:20:00,15:20:00,2023-09-15,2023-09-15,石家庄机场,太原机场,1400,YES
10687,广州,上海,12:20:00,14:07:00,2023-09-16,2023-09-16,广州机场,上海机场,1100,YES
10691,西安,上海,10:20:00,12:42:00,2023-09-17,2023-09-17,西安机场,上海机场,1200,YES
10692,杭州,兰州,10:20:00,12:42:00,2023-09-16,2023-09-16,杭州机场,兰州机场,1700,YES
10693,石家庄,西宁,10:20:00,12:42:00,2023-09-17,2023-09-17,石家庄机场,西宁机场,1200,YES
10695,贵阳,兰州,16:20:00,18:20:00,2023-09-17,2023-09-17,贵阳机场,兰州机场,1400,YES
10698,西宁,北京,10:20:00,12:42:00,2023-09-17,2023-09-17,西宁机场,北京机场,1000,YES
10699,武汉,上海,11:20:00,13:35:00,2023-09-20,2023-09-20,武汉机场,上海机场,1000,YES
10700,长春,太原,09:20:00,11:41:00,2023-09-13,2023-09-13,长春机场,太原机场,1100,YES
10701,台北,兰州,10:20:00,12:42:00,2023-09-22,2023-09-22,台北机场,兰州机场,1800,YES
10705,海口,天津,17:20:00,19:50:00,2023-09-13,2023-09-13,海口机场,天津机场,1300,YES
10706,台北,北京,08:20:00,10:13:00,2023-09-14,2023-09-14,台北机场,北京机场,1900,YES
10708,昆明,上海,11:20:00,13:35:00,2023-09-13,2023-09-13,昆明机场,上海机场,1100,YES
10709,昆明,西宁,11:20:00,13:35:00,2023-09-22,2023-09-22,昆明机场,西宁机场,1200,YES
10710,郑州,天津,14:20:00,16:10:00,2023-09-22,2023-09-22,郑州机场,天津机场,1500,YES
10711,石家庄,太原,15:20:00,17:30:00,2023-09-17,2023-09-17,石家庄机场,太原机场,1400,YES
10712,福州,北京,09:20:00,11:41:00,2023-09-18,2023-09-18,福州机场,北京机场,1400,YES
10715,台北,重庆,11:20:00,13:35:00,2023-09-14,2023-09-14,台北机场,重庆机场,1700,YES
10717,西宁,天津,12:20:00,14:07:00,2023-09-19,2023-09-19,西宁机场,天津机场,1300,YES
10718,郑州,太原,09:20:00,11:41:00,2023-09-14,2023-09-14,郑州机场,太原机场,1300,YES
10720,南京,太原,08:20:00,10:13:00,2023-09-15,2023-09-15,南京机场,太原机场,1200,YES
10723,长沙,西宁,17:20:00,19:50:00,2023-09-18,2023-09-18,长沙机场,西宁机场,1700,YES
10724,哈尔滨,兰州,11:20:00,13:35:00,2023-09-15,2023-09-15,哈尔滨机场,兰州机场,1600,YES
10726,南京,西宁,13:20:00,15:20:00,2023-09-15,2023-09-15,南京机场,西宁机场,1600,YES
10728,上海,西安,15:20:00,17:30:00,2023-09-20,2023-09-20,上海机场,西安机场,1400,YES
10730,台北,西宁,15:20:00,17:30:00,2023-09-22,2023-09-22,台北机场,西宁机场,1900,YES
10731,南京,兰州,10:20:00,12:42:00,2023-09-16,2023-09-16,南京机场,兰州机场,1700,YES
10732,石家庄,太原,11:20:00,13:35:00,2023-09-14,2023-09-14,石家庄机场,太原机场,1900,YES
10734,上海,天津,08:20:00,10:13:00,2023-09-19,2023-09-19,上海机场,天津机场,1100,YES
10737,长沙,重庆,09:20:00,11:41:00,2023-09-21,2023-09-21,长沙机场,重庆机场,1100,YES
10738,福州,天津,10:20:00,12:42:00,2023-09-17,2023-09-17,福州机场,天津机场,1300,YES
10739,西安,北京,16:20:00,18:20:00,2023-09-15,2023-09-15,西安机场,北京机场,1600,YES
10742,沈阳,郑州,08:20:00,10:13:00,2023-09-13,2023-09-13,沈阳机场,郑州机场,1900,YES
10743,昆明,郑州,08:20:00,10:13:00,2023-09-20,2023-09-20,昆明机场,郑州机场,1900,YES
10744,长沙,济南,13:20:00,15:20:00,2023-09-14,2023-09-14,长沙机场,济南机场,1500,YES
10746,台北,上海,14:20:00,16:10:00,2023-09-14,2023-09-14,台北机场,上海机场,1000,YES
10747,石家庄,西安,08:20:00,10:13:00,2023-09-16,2023-09-16,石家庄机场,西安机场,1800,YES
10749,广州,天津,12:20:00,14:07:00,2023-09-17,2023-09-17,广州机场,天津机场,1300,YES
10750,重庆,郑州,11:20:00,13:35:00,2023-09-17,2023-09-17,重庆机场,郑州机场,1000,YES
10751,天津,重庆,13:20:00,15:20:00,2023-09-14,2023-09-14,天津机场,重庆机场,1700,YES
10752,哈尔滨,西安,10:20:00,12:42:00,2023-09-20,2023-09-20,哈尔滨机场,西安机场,1000,YES
10753,武汉,西安,16:20:00,18:20:00,2023-09-16,2023-09-16,武汉机场,西安机场,1300,YES
10754,长春,济南,12:20:00,14:07:00,2023-09-20,2023-09-20,长春机场,济南机场,1200,YES
10755,昆明,郑州,11:20:00,13:35:00,2023-09-17,2023-09-17,昆明机场,郑州机场,1100,YES
10758,西安,天津,12:20:00,14:07:00,2023-09-22,2023-09-22,西安机场,天津机场,1700,YES
10759,昆明,西安,09:20:00,11:41:00,2023-09-22,2023-09-22,昆明机场,西安机场,1200,YES
10762,合肥,西宁,13:20:00,15:20:00,2023-09-16,2023-09-16,合肥机场,西宁机场,1900,YES
10764,上海,郑州,11:20:00,13:35:00,2023-09-16,2023-09-16,上海机场,郑州机场,1300,YES
10765,海口,西宁,11:20:00,13:35:00,2023-09-17,2023-09-17,海口机场,西宁机场,1100,YES
10766,哈尔滨,北京,16:20:00,18:20:00,2023-09-19,2023-09-19,哈尔滨机场,北京机场,1800,YES
10767,哈尔滨,郑州,08:20:00,10:13:00,2023-09-16,2023-09-16,哈尔滨机场,郑州机场,1900,YES
10768,兰州,北京,12:20:00,14:07:00,2023-09-22,2023-09-22,兰州机场,北京机场,1900,YES
10769,成都,北京,16:20:00,18:20:00,2023-09-17,2023-09-17,成都机场,北京机场,1500,YES
10770,哈尔滨,天津,17:20:00,19:50:00,2023-09-13,2023-09-13,哈尔滨机场,天津机场,1900,YES
10771,天津,兰州,08:20:00,10:13:00,2023-09-18,2023-09-18,天津机场,兰州机场,1100,YES
10772,台北,郑州,13:20:00,15:20:00,2023-09-14,2023-09-14,台北机场,郑州机场,1800,YES
10773,郑州,兰州,11:20:00,13:35:00,2023-09-20,2023-09-20,郑州机场,兰州机场,1700,YES
10774,西安,郑州,11:20:00,13:35:00,2023-09-20,2023-09-20,西安机场,郑州机场,1100,YES
10775,西安,济南,08:20:00,10:13:00,2023-09-21,2023-09-21,西安机场,济南机场,1600,YES
10776,郑州,兰州,14:20:00,16:10:00,2023-09-18,2023-09-18,郑州机场,兰州机场,1900,YES
10777,武汉,兰州,16:20:00,18:20:00,2023-09-13,2023-09-13,武汉机场,兰州机场,1200,YES
10778,西安,西宁,10:20:00,12:42:00,2023-09-17,2023-09-17,西安机场,西宁机场,1400,YES
10779,西安,北京,17:20:00,19:50:00,2023-09-16,2023-09-16,西安机场,北京机场,1600,YES
10780,杭州,兰州,14:20:00,16:10:00,2023-09-16,2023-09-16,杭州机场,兰州机场,1700,YES
10781,西宁,天津,13:20:00,15:20:00,2023-09-14,2023-09-14,西宁机场,天津机场,1800,YES
10785,合肥,太原,09:20:00,11:41:00,2023-09-20,2023-09-20,合肥机场,太原机场,1400,YES
10787,台北,北京,10:20:00,12:42:00,2023-09-14,2023-09-14,台北机场,北京机场,1900,YES
10788,成都,北京,09:20:00,11:41:00,2023-09-17,2023-09-17,成都机场,北京机场,1000,YES
10789,昆明,济南,11:20:00,13:35:00,2023-09-15,2023-09-15,昆明机场,济南机场,1900,YES
10791,广州,济南,10:20:00,12:42:00,2023-09-13,2023-09-13,广州机场,济南机场,1800,YES
10792,杭州,西安,11:20:00,13:35:00,2023-09-16,2023-09-16,杭州机场,西安机场,1400,YES
10793,上海,郑州,13:20:00,15:20:00,2023-09-13,2023-09-13,上海机场,郑州机场,1500,YES
10794,兰州,郑州,10:20:00,12:42:00,2023-09-15,2023-09-15,兰州机场,郑州机场,1700,YES
10795,南京,西宁,13:20:00,15:20:00,2023-09-20,2023-09-20,南京机场,西宁机场,1700,YES
10796,西宁,济南,15:20:00,17:30:00,2023-09-13,2023-09-13,西宁机场,济南机场,1900,YES
10797,杭州,西安,16:20:00,18:20:00,2023-09-18,2023-09-18,杭州机场,西安机场,1300,YES
10798,济南,天津,11:20:00,13:35:00,2023-09-15,2023-09-15,济南机场,天津机场,1700,YES
10799,北京,西安,15:20:00,17:30:00,2023-09-20,2023-09-20,北京机场,西安机场,1700,YES
10800,杭州,郑州,08:20:00,10:13:00,2023-09-22,2023-09-22,杭州机场,郑州机场,1300,YES
10801,天津,上海,15:20:00,17:30:00,2023-09-22,2023-09-22,天津机场,上海机场,1000,YES
10802,昆明,上海,16:20:00,18:20:00,2023-09-14,2023-09-14,昆明机场,上海机场,1700,YES
10803,天津,郑州,14:20:00,16:10:00,2023-09-16,2023-09-16,天津机场,郑州机场,1200,YES
10804,沈阳,西安,13:20:00,15:20:00,2023-09-20,2023-09-20,沈阳机场,西安机场,1200,YES
10808,广州,西安,12:20:00,14:07:00,2023-09-20,2023-09-20,广州机场,西安机场,1900,YES
10809,贵阳,兰州,09:20:00,11:41:00,2023-09-22,2023-09-22,贵阳机场,兰州机场,1700,YES
10810,成都,郑州,12:20:00,14:07:00,2023-09-21,2023-09-21,成都机场,郑州机场,1900,YES
10812,武汉,济南,17:20:00,19:50:00,2023-09-21,2023-09-21,武汉机场,济南机场,1500,YES
10813,天津,北京,10:20:00,12:42:00,2023-09-14,2023-09-14,天津机场,北京机场,1600,YES
10814,南昌,上海,10:20:00,12:42:00,2023-09-14,2023-09-14,南昌机场,上海机场,1600,YES
10817,兰州,郑州,14:20:00,16:10:00,2023-09-17,2023-09-17,兰州机场,郑州机场,1600,YES
10819,成都,西宁,15:20:00,17:30:00,2023-09-22,2023-09-22,成都机场,西宁机场,1200,YES
10820,成都,北京,17:20:00,19:50:00,2023-09-18,2023-09-18,成都机场,北京机场,1100,YES
10823,武汉,天津,16:20:00,18:20:00,2023-09-22,2023-09-22,武汉机场,天津机场,1300,YES
10824,南昌,太原,09:20:00,11:41:00,2023-09-20,2023-09-20,南昌机场,太原机场,1100,YES
10827,郑州,上海,11:20:00,13:35:00,2023-09-18,2023-09-18,郑州机场,上海机场,1200,YES
10828,武汉,西宁,17:20:00,19:50:00,2023-09-14,2023-09-14,武汉机场,西宁机场,1600,YES
10829,成都,西安,12:20:00,14:07:00,2023-09-13,2023-09-13,成都机场,西安机场,1300,YES
10831,长沙,济南,11:20:00,13:35:00,2023-09-14,2023-09-14,长沙机场,济南机场,1600,YES
10832,重庆,北京,13:20:00,15:20:00,2023-09-14,2023-09-14,重庆机场,北京机场,1600,YES
10834,兰州,天津,16:20:00,18:20:00,2023-09-20,2023-09-20,兰州机场,天津机场,1200,YES
10835,西宁,郑州,11:20:00,13:35:00,2023-09-21,2023-09-21,西宁机场,郑州机场,1400,YES
10837,北京,兰州,12:20:00,14:07:00,2023-09-16,2023-09-16,北京机场,兰州机场,1100,YES
10841,合肥,济南,14:20:00,16:10:00,2023-09-20,2023-09-20,合肥机场,济南机场,1800,YES
10843,广州,北京,12:20:00,14:07:00,2023-09-22,2023-09-22,广州机场,北京机场,1900,YES
10844,海口,西安,09:20:00,11:41:00,2023-09-22,2023-09-22,海口机场,西安机场,1200,YES
10845,合肥,天津,10:20:00,12:42:00,2023-09-19,2023-09-19,合肥机场,天津机场,1900,YES
10850,长沙,兰州,11:20:00,13:35:00,2023-09-16,2023-09-16,长沙机场,兰州机场,1300,YES
10851,济南,上海,12:20:00,14:07:00,2023-09-18,2023-09-18,济南机场,上海机场,1600,YES
10852,贵阳,兰州,16:20:00,18:20:00,2023-09-21,2023-09-21,贵阳机场,兰州机场,1800,YES
10854,杭州,郑州,16:20:00,18:20:00,2023-09-22,2023-09-22,杭州机场,郑州机场,1600,YES
10856,北京,济南,16:20:00,18:20:00,2023-09-21,2023-09-21,北京机场,济南机场,1500,YES
10860,郑州,重庆,17:20:00,19:50:00,2023-09-13,2023-09-13,郑州机场,重庆机场,1000,YES
10862,郑州,上海,09:20:00,11:41:00,2023-09-20,2023-09-20,郑州机场,上海机场,1600,YES
10863,石家庄,天津,17:20:00,19:50:00,2023-09-19,2023-09-19,石家庄机场,天津机场,1900,YES
10865,海口,兰州,10:20:00,12:42:00,2023-09-19,2023-09-19,海口机场,兰州机场,1300,YES
10868,长春,上海,17:20:00,19:50:00,2023-09-22,2023-09-22,长春机场,上海机场,1600,YES
10870,兰州,重庆,08:20:00,10:13:00,2023-09-16,2023-09-16,兰州机场,重庆机场,1900,YES
10871,西宁,北京,14:20:00,16:10:00,2023-09-17,2023-09-17,西宁机场,北京机场,1700,YES
10872,石家庄,郑州,09:20:00,11:41:00,2023-09-16,2023-09-16,石家庄机场,郑州机场,1900,YES
10873,西宁,重庆,09:20:00,11:41:00,2023-09-17,2023-09-17,西宁机场,重庆机场,1400,YES
10874,济南,兰州,11:20:00,13:35:00,2023-09-18,2023-09-18,济南机场,兰州机场,1000,YES
10875,台北,上海,17:20:00,19:50:00,2023-09-22,2023-09-22,台北机场,上海机场,1500,YES
10876,太原,西宁,11:20:00,13:35:00,2023-09-21,2023-09-21,太原机场,西宁机场,1100,YES
10877,台北,西宁,10:20:00,12:42:00,2023-09-22,2023-09-22,台北机场,西宁机场,1200,YES
10879,昆明,重庆,12:20:00,14:07:00,2023-09-17,2023-09-17,昆明机场,重庆机场,1900,YES
10880,南京,天津,11:20:00,13:35:00,2023-09-17,2023-09-17,南京机场,天津机场,1000,YES
10882,昆明,西宁,11:20:00,13:35:00,2023-09-21,2023-09-21,昆明机场,西宁机场,1700,YES
10883,福州,西宁,11:20:00,13:35:00,2023-09-16,2023-09-16,福州机场,西宁机场,1300,YES
10884,重庆,天津,11:20:00,13:35:00,2023-09-19,2023-09-19,重庆机场,天津机场,1000,YES
10885,天津,西宁,12:20:00,14:07:00,2023-09-19,2023-09-19,天津机场,西宁机场,1100,YES
10886,昆明,郑州,11:20:00,13:35:00,2023-09-21,2023-09-21,昆明机场,郑州机场,1500,YES
10887,杭州,重庆,11:20:00,13:35:00,2023-09-21,2023-09-21,杭州机场,重庆机场,1500,YES
10888,南昌,郑州,08:20:00,10:13:00,2023-09-15,2023-09-15,南昌机场,郑州机场,1700,YES
10889,沈阳,济南,17:20:00,19:50:00,2023-09-20,2023-09-20,沈阳机场,济南机场,1500,YES
10890,广州,北京,12:20:00,14:07:00,2023-09-20,2023-09-20,广州机场,北京机场,1600,YES
10892,郑州,太原,08:20:00,10:13:00,2023-09-14,2023-09-14,郑州机场,太原机场,1900,YES
10893,西宁,郑州,15:20:00,17:30:00,2023-09-13,2023-09-13,西宁机场,郑州机场,1900,YES
10894,广州,济南,15:20:00,17:30:00,2023-09-15,2023-09-15,广州机场,济南机场,1000,YES
10901,南京,天津,11:20:00,13:35:00,2023-09-20,2023-09-20,南京机场,天津机场,1000,YES
10906,贵阳,北京,12:20:00,14:07:00,2023-09-15,2023-09-15,贵阳机场,北京机场,1500,YES
10909,长春,天津,12:20:00,14:07:00,2023-09-15,2023-09-15,长春机场,天津机场,1700,YES
10910,重庆,上海,08:20:00,10:13:00,2023-09-19,2023-09-19,重庆机场,上海机场,1700,YES
10911,长沙,西宁,16:20:00,18:20:00,2023-09-15,2023-09-15,长沙机场,西宁机场,1800,YES
10913,哈尔滨,重庆,09:20:00,11:41:00,2023-09-13,2023-09-13,哈尔滨机场,重庆机场,1200,YES
10914,长沙,上海,15:20:00,17:30:00,2023-09-20,2023-09-20,长沙机场,上海机场,1400,YES
10915,南京,郑州,08:20:00,10:13:00,2023-09-16,2023-09-16,南京机场,郑州机场,1000,YES
10918,西安,郑州,11:20:00,13:35:00,2023-09-16,2023-09-16,西安机场,郑州机场,1200,YES
10920,天津,西宁,14:20:00,16:10:00,2023-09-19,2023-09-19,天津机场,西宁机场,1300,YES
10921,上海,西宁,15:20:00,17:30:00,2023-09-22,2023-09-22,上海机场,西宁机场,1600,YES
10922,西宁,重庆,11:20:00,13:35:00,2023-09-16,2023-09-16,西宁机场,重庆机场,1700,YES
10923,成都,西宁,12:20:00,14:07:00,2023-09-19,2023-09-19,成都机场,西宁机场,1300,YES
10924,合肥,天津,08:20:00,10:13:00,2023-09-13,2023-09-13,合肥机场,天津机场,1900,YES
10925,昆明,天津,13:20:00,15:20:00,2023-09-14,2023-09-14,昆明机场,天津机场,1400,YES
10927,兰州,太原,09:20:00,11:41:00,2023-09-17,2023-09-17,兰州机场,太原机场,1400,YES
10930,哈尔滨,重庆,14:20:00,16:10:00,2023-09-17,2023-09-17,哈尔滨机场,重庆机场,1800,YES
10931,武汉,西宁,15:20:00,17:30:00,2023-09-14,2023-09-14,武汉机场,西宁机场,1900,YES
10932,成都,西宁,10:20:00,12:42:00,2023-09-13,2023-09-13,成都机场,西宁机场,1100,YES
10933,天津,兰州,11:20:00,13:35:00,2023-09-13,2023-09-13,天津机场,兰州机场,1800,YES
10934,昆明,北京,16:20:00,18:20:00,2023-09-17,2023-09-17,昆明机场,北京机场,1700,YES
10935,兰州,西安,14:20:00,16:10:00,2023-09-19,2023-09-19,兰州机场,西安机场,1300,YES
10937,合肥,上海,12:20:00,14:07:00,2023-09-14,2023-09-14,合肥机场,上海机场,1200,YES
10938,合肥,郑州,09:20:00,11:41:00,2023-09-20,2023-09-20,合肥机场,郑州机场,1000,YES
10939,合肥,重庆,08:20:00,10:13:00,2023-09-15,2023-09-15,合肥机场,重庆机场,1200,YES
10940,成都,天津,15:20:00,17:30:00,2023-09-17,2023-09-17,成都机场,天津机场,1000,YES
10941,成都,北京,13:20:00,15:20:00,2023-09-16,2023-09-16,成都机场,北京机场,1200,YES
10942,上海,北京,17:20:00,19:50:00,2023-09-20,2023-09-20,上海机场,北京机场,1300,YES
10943,石家庄,西宁,14:20:00,16:10:00,2023-09-15,2023-09-15,石家庄机场,西宁机场,1500,YES
10944,哈尔滨,济南,12:20:00,14:07:00,2023-09-15,2023-09-15,哈尔滨机场,济南机场,1700,YES
10946,海口,济南,17:20:00,19:50:00,2023-09-14,2023-09-14,海口机场,济南机场,1600,YES
10948,太原,北京,08:20:00,10:13:00,2023-09-21,2023-09-21,太原机场,北京机场,1400,YES
10950,郑州,天津,09:20:00,11:41:00,2023-09-22,2023-09-22,郑州机场,天津机场,1200,YES
10951,北京,上海,13:20:00,15:20:00,2023-09-15,2023-09-15,北京机场,上海机场,1800,YES
10953,广州,西安,15:20:00,17:30:00,2023-09-16,2023-09-16,广州机场,西安机场,1800,YES
10954,天津,北京,10:20:00,12:42:00,2023-09-18,2023-09-18,天津机场,北京机场,1200,YES
10955,济南,天津,16:20:00,18:20:00,2023-09-22,2023-09-22,济南机场,天津机场,1600,YES
10956,台北,西宁,10:20:00,12:42:00,2023-09-18,2023-09-18,台北机场,西宁机场,1300,YES
10957,长沙,天津,09:20:00,11:41:00,2023-09-17,2023-09-17,长沙机场,天津机场,1500,YES
10958,广州,济南,14:20:00,16:10:00,2023-09-21,2023-09-21,广州机场,济南机场,1800,YES
10959,广州,重庆,15:20:00,17:30:00,2023-09-16,2023-09-16,广州机场,重庆机场,1900,YES
10961,济南,郑州,15:20:00,17:30:00,2023-09-18,2023-09-18,济南机场,郑州机场,1700,YES
10962,天津,济南,09:20:00,11:41:00,2023-09-21,2023-09-21,天津机场,济南机场,1900,YES
10963,济南,西宁,11:20:00,13:35:00,2023-09-13,2023-09-13,济南机场,西宁机场,1700,YES
10964,西安,天津,11:20:00,13:35:00,2023-09-13,2023-09-13,西安机场,天津机场,1600,YES
10965,南昌,上海,15:20:00,17:30:00,2023-09-21,2023-09-21,南昌机场,上海机场,1100,YES
10966,北京,郑州,14:20:00,16:10:00,2023-09-22,2023-09-22,北京机场,郑州机场,1400,YES
10967,兰州,天津,16:20:00,18:20:00,2023-09-13,2023-09-13,兰州机场,天津机场,1900,YES
10968,西宁,济南,14:20:00,16:10:00,2023-09-15,2023-09-15,西宁机场,济南机场,1900,YES
10969,沈阳,重庆,14:20:00,16:10:00,2023-09-22,2023-09-22,沈阳机场,重庆机场,1800,YES
10970,石家庄,西安,09:20:00,11:41:00,2023-09-20,2023-09-20,石家庄机场,西安机场,1500,YES
10971,济南,郑州,08:20:00,10:13:00,2023-09-21,2023-09-21,济南机场,郑州机场,1500,YES
10972,昆明,兰州,15:20:00,17:30:00,2023-09-15,2023-09-15,昆明机场,兰州机场,1800,YES
10975,台北,西宁,16:20:00,18:20:00,2023-09-16,2023-09-16,台北机场,西宁机场,1000,YES
10977,南京,北京,12:20:00,14:07:00,2023-09-13,2023-09-13,南京机场,北京机场,1100,YES
10978,贵阳,上海,08:20:00,10:13:00,2023-09-19,2023-09-19,贵阳机场,上海机场,1900,YES
10980,成都,郑州,11:20:00,13:35:00,2023-09-15,2023-09-15,成都机场,郑州机场,1500,YES
10981,石家庄,兰州,17:20:00,19:50:00,2023-09-20,2023-09-20,石家庄机场,兰州机场,1800,YES
10982,石家庄,太原,11:20:00,13:35:00,2023-09-17,2023-09-17,石家庄机场,太原机场,1300,YES
10983,合肥,兰州,12:20:00,14:07:00,2023-09-16,2023-09-16,合肥机场,兰州机场,1700,YES
10984,沈阳,郑州,16:20:00,18:20:00,2023-09-14,2023-09-14,沈阳机场,郑州机场,1500,YES
10985,太原,天津,09:20:00,11:41:00,2023-09-14,2023-09-14,太原机场,天津机场,1300,YES
10986,西安,天津,16:20:00,18:20:00,2023-09-17,2023-09-17,西安机场,天津机场,1700,YES
10988,武汉,西宁,09:20:00,11:41:00,2023-09-15,2023-09-15,武汉机场,西宁机场,1000,YES
10989,南京,郑州,16:20:00,18:20:00,2023-09-19,2023-09-19,南京机场,郑州机场,1200,YES
10990,西安,郑州,08:20:00,10:13:00,2023-09-17,2023-09-17,西安机场,郑州机场,1800,YES
10991,西宁,重庆,09:20:00,11:41:00,2023-09-19,2023-09-19,西宁机场,重庆机场,1500,YES
10992,广州,重庆,10:20:00,12:42:00,2023-09-18,2023-09-18,广州机场,重庆机场,1800,YES
10994,武汉,济南,12:20:00,14:07:00,2023-09-16,2023-09-16,武汉机场,济南机场,1200,YES
10996,北京,西宁,17:20:00,19:50:00,2023-09-18,2023-09-18,北京机场,西宁机场,1800,YES
10997,石家庄,北京,13:20:00,15:20:00,2023-09-14,2023-09-14,石家庄机场,北京机场,1400,YES
11000,成都,济南,15:20:00,17:30:00,2023-09-14,2023-09-14,成都机场,济南机场,1100,YES
11001,重庆,上海,17:20:00,19:50:00,2023-09-20,2023-09-20,重庆机场,上海机场,1400,YES
11002,广州,重庆,11:20:00,13:35:00,2023-09-19,2023-09-19,广州机场,重庆机场,1700,YES
11004,南京,西宁,13:20:00,15:20:00,2023-09-17,2023-09-17,南京机场,西宁机场,1900,YES
11005,昆明,西安,09:20:00,11:41:00,2023-09-15,2023-09-15,昆明机场,西安机场,1000,YES
11006,合肥,上海,13:20:00,15:20:00,2023-09-22,2023-09-22,合肥机场,上海机场,1100,YES
11008,海口,兰州,14:20:00,16:10:00,2023-09-13,2023-09-13,海口机场,兰州机场,1200,YES
11010,成都,天津,13:20:00,15:20:00,2023-09-18,2023-09-18,成都机场,天津机场,1700,YES
11013,石家庄,兰州,08:20:00,10:13:00,2023-09-16,2023-09-16,石家庄机场,兰州机场,1100,YES
11014,武汉,兰州,15:20:00,17:30:00,2023-09-13,2023-09-13,武汉机场,兰州机场,1000,YES
11015,台北,天津,08:20:00,10:13:00,2023-09-20,2023-09-20,台北机场,天津机场,1600,YES
11016,贵阳,兰州,11:20:00,13:35:00,2023-09-20,2023-09-20,贵阳机场,兰州机场,1100,YES
11017,海口,重庆,15:20:00,17:30:00,2023-09-17,2023-09-17,海口机场,重庆机场,1900,YES
11018,南京,兰州,13:20:00,15:20:00,2023-09-16,2023-09-16,南京机场,兰州机场,1300,YES
11019,哈尔滨,重庆,10:20:00,12:42:00,2023-09-19,2023-09-19,哈尔滨机场,重庆机场,1400,YES
11020,合肥,太原,12:20:00,14:07:00,2023-09-18,2023-09-18,合肥机场,太原机场,1600,YES
11026,上海,天津,12:20:00,14:07:00,2023-09-18,2023-09-18,上海机场,天津机场,1800,YES
11028,西宁,天津,13:20:00,15:20:00,2023-09-22,2023-09-22,西宁机场,天津机场,1100,YES
11029,济南,太原,16:20:00,18:20:00,2023-09-13,2023-09-13,济南机场,太原机场,1300,YES
11030,西安,重庆,16:20:00,18:20:00,2023-09-17,2023-09-17,西安机场,重庆机场,1400,YES
11032,郑州,北京,17:20:00,19:50:00,2023-09-18,2023-09-18,郑州机场,北京机场,1300,YES
11035,长春,重庆,09:20:00,11:41:00,2023-09-20,2023-09-20,长春机场,重庆机场,1100,YES
11037,台北,兰州,08:20:00,10:13:00,2023-09-20,2023-09-20,台北机场,兰州机场,1900,YES
11039,台北,兰州,12:20:00,14:07:00,2023-09-16,2023-09-16,台北机场,兰州机场,1000,YES
11041,北京,济南,15:20:00,17:30:00,2023-09-21,2023-09-21,北京机场,济南机场,1500,YES
11042,兰州,重庆,12:20:00,14:07:00,2023-09-13,2023-09-13,兰州机场,重庆机场,1900,YES
11043,昆明,兰州,11:20:00,13:35:00,2023-09-18,2023-09-18,昆明机场,兰州机场,1700,YES
11044,杭州,北京,11:20:00,13:35:00,2023-09-14,2023-09-14,杭州机场,北京机场,1700,YES
11046,兰州,太原,13:20:00,15:20:00,2023-09-16,2023-09-16,兰州机场,太原机场,1400,YES
11047,南京,郑州,14:20:00,16:10:00,2023-09-15,2023-09-15,南京机场,郑州机场,1200,YES
11048,郑州,重庆,08:20:00,10:13:00,2023-09-19,2023-09-19,郑州机场,重庆机场,1200,YES
11049,武汉,太原,09:20:00,11:41:00,2023-09-17,2023-09-17,武汉机场,太原机场,1600,YES
11051,成都,太原,10:20:00,12:42:00,2023-09-20,2023-09-20,成都机场,太原机场,1800,YES
11052,长沙,上海,12:20:00,14:07:00,2023-09-20,2023-09-20,长沙机场,上海机场,1200,YES
11053,北京,太原,09:20:00,11:41:00,2023-09-22,2023-09-22,北京机场,太原机场,1900,YES
11055,福州,太原,09:20:00,11:41:00,2023-09-16,2023-09-16,福州机场,太原机场,1600,YES
11057,长春,太原,16:20:00,18:20:00,2023-09-19,2023-09-19,长春机场,太原机场,1300,YES
11058,成都,济南,15:20:00,17:30:00,2023-09-22,2023-09-22,成都机场,济南机场,1400,YES
11059,海口,郑州,12:20:00,14:07:00,2023-09-16,2023-09-16,海口机场,郑州机场,1900,YES
11061,贵阳,太原,09:20:00,11:41:00,2023-09-15,2023-09-15,贵阳机场,太原机场,1400,YES
11062,哈尔滨,西安,08:20:00,10:13:00,2023-09-20,2023-09-20,哈尔滨机场,西安机场,1700,YES
11063,武汉,西宁,13:20:00,15:20:00,2023-09-15,2023-09-15,武汉机场,西宁机场,1100,YES
11064,哈尔滨,北京,10:20:00,12:42:00,2023-09-18,2023-09-18,哈尔滨机场,北京机场,1400,YES
11065,长春,重庆,13:20:00,15:20:00,2023-09-22,2023-09-22,长春机场,重庆机场,1800,YES
11067,沈阳,济南,08:20:00,10:13:00,2023-09-13,2023-09-13,沈阳机场,济南机场,1900,YES
11069,石家庄,兰州,15:20:00,17:30:00,2023-09-18,2023-09-18,石家庄机场,兰州机场,1900,YES
11070,西安,郑州,14:20:00,16:10:00,2023-09-18,2023-09-18,西安机场,郑州机场,1400,YES
11071,福州,北京,10:20:00,12:42:00,2023-09-19,2023-09-19,福州机场,北京机场,1900,YES
11072,南昌,重庆,09:20:00,11:41:00,2023-09-22,2023-09-22,南昌机场,重庆机场,1100,YES
11073,长沙,西宁,09:20:00,11:41:00,2023-09-13,2023-09-13,长沙机场,西宁机场,1600,YES
11077,福州,太原,11:20:00,13:35:00,2023-09-19,2023-09-19,福州机场,太原机场,1900,YES
11078,兰州,济南,09:20:00,11:41:00,2023-09-20,2023-09-20,兰州机场,济南机场,1100,YES
11081,西安,郑州,13:20:00,15:20:00,2023-09-16,2023-09-16,西安机场,郑州机场,1300,YES
11083,太原,重庆,12:20:00,14:07:00,2023-09-21,2023-09-21,太原机场,重庆机场,1700,YES
11084,沈阳,北京,15:20:00,17:30:00,2023-09-15,2023-09-15,沈阳机场,北京机场,1700,YES
11085,石家庄,西安,16:20:00,18:20:00,2023-09-15,2023-09-15,石家庄机场,西安机场,1900,YES
11086,西宁,兰州,09:20:00,11:41:00,2023-09-20,2023-09-20,西宁机场,兰州机场,1300,YES
11087,广州,天津,17:20:00,19:50:00,2023-09-15,2023-09-15,广州机场,天津机场,1400,YES
11088,台北,天津,15:20:00,17:30:00,2023-09-18,2023-09-18,台北机场,天津机场,1300,YES
11089,济南,兰州,17:20:00,19:50:00,2023-09-14,2023-09-14,济南机场,兰州机场,1900,YES
11090,西安,天津,12:20:00,14:07:00,2023-09-15,2023-09-15,西安机场,天津机场,1100,YES
11091,上海,天津,13:20:00,15:20:00,2023-09-15,2023-09-15,上海机场,天津机场,1000,YES
11092,西宁,太原,11:20:00,13:35:00,2023-09-13,2023-09-13,西宁机场,太原机场,1300,YES
11093,石家庄,北京,16:20:00,18:20:00,2023-09-15,2023-09-15,石家庄机场,北京机场,1900,YES
11094,成都,西宁,10:20:00,12:42:00,2023-09-21,2023-09-21,成都机场,西宁机场,1200,YES
11095,兰州,北京,11:20:00,13:35:00,2023-09-21,2023-09-21,兰州机场,北京机场,1800,YES
11097,上海,北京,10:20:00,12:42:00,2023-09-19,2023-09-19,上海机场,北京机场,1300,YES
11098,广州,兰州,12:20:00,14:07:00,2023-09-20,2023-09-20,广州机场,兰州机场,1900,YES
11099,太原,天津,12:20:00,14:07:00,2023-09-18,2023-09-18,太原机场,天津机场,1600,YES
11100,郑州,上海,13:20:00,15:20:00,2023-09-16,2023-09-16,郑州机场,上海机场,1800,YES
11101,重庆,太原,09:20:00,11:41:00,2023-09-18,2023-09-18,重庆机场,太原机场,1900,YES
11102,广州,上海,15:20:00,17:30:00,2023-09-14,2023-09-14,广州机场,上海机场,1900,YES
11103,福州,天津,10:20:00,12:42:00,2023-09-19,2023-09-19,福州机场,天津机场,1800,YES
11104,石家庄,济南,17:20:00,19:50:00,2023-09-20,2023-09-20,石家庄机场,济南机场,1200,YES
11105,合肥,天津,12:20:00,14:07:00,2023-09-19,2023-09-19,合肥机场,天津机场,1200,YES
11107,重庆,上海,13:20:00,15:20:00,2023-09-16,2023-09-16,重庆机场,上海机场,1700,YES
11108,海口,兰州,16:20:00,18:20:00,2023-09-15,2023-09-15,海口机场,兰州机场,1100,YES
11109,贵阳,天津,17:20:00,19:50:00,2023-09-15,2023-09-15,贵阳机场,天津机场,1500,YES
11112,西安,重庆,11:20:00,13:35:00,2023-09-22,2023-09-22,西安机场,重庆机场,1200,YES
11113,兰州,北京,08:20:00,10:13:00,2023-09-18,2023-09-18,兰州机场,北京机场,1400,YES
11114,哈尔滨,西宁,12:20:00,14:07:00,2023-09-21,2023-09-21,哈尔滨机场,西宁机场,1300,YES
11115,南昌,济南,15:20:00,17:30:00,2023-09-17,2023-09-17,南昌机场,济南机场,1400,YES
11117,广州,上海,14:20:00,16:10:00,2023-09-17,2023-09-17,广州机场,上海机场,1200,YES
11118,石家庄,西安,15:20:00,17:30:00,2023-09-15,2023-09-15,石家庄机场,西安机场,1100,YES
11120,重庆,西安,09:20:00,11:41:00,2023-09-20,2023-09-20,重庆机场,西安机场,1100,YES
11121,郑州,西安,08:20:00,10:13:00,2023-09-17,2023-09-17,郑州机场,西安机场,1700,YES
11123,哈尔滨,天津,09:20:00,11:41:00,2023-09-18,2023-09-18,哈尔滨机场,天津机场,1000,YES
11124,贵阳,上海,10:20:00,12:42:00,2023-09-20,2023-09-20,贵阳机场,上海机场,1400,YES
11125,上海,北京,08:20:00,10:13:00,2023-09-13,2023-09-13,上海机场,北京机场,1500,YES
11126,长春,太原,14:20:00,16:10:00,2023-09-21,2023-09-21,长春机场,太原机场,1900,YES
11127,合肥,天津,14:20:00,16:10:00,2023-09-18,2023-09-18,合肥机场,天津机场,1800,YES
11128,石家庄,兰州,10:20:00,12:42:00,2023-09-17,2023-09-17,石家庄机场,兰州机场,1400,YES
11130,合肥,天津,12:20:00,14:07:00,2023-09-18,2023-09-18,合肥机场,天津机场,1600,YES
11131,上海,济南,08:20:00,10:13:00,2023-09-15,2023-09-15,上海机场,济南机场,1600,YES
11132,南昌,济南,13:20:00,15:20:00,2023-09-14,2023-09-14,南昌机场,济南机场,1800,YES
11133,福州,重庆,10:20:00,12:42:00,2023-09-21,2023-09-21,福州机场,重庆机场,1900,YES
11134,天津,西安,17:20:00,19:50:00,2023-09-14,2023-09-14,天津机场,西安机场,1800,YES
11136,沈阳,天津,09:20:00,11:41:00,2023-09-22,2023-09-22,沈阳机场,天津机场,1900,YES
11137,西安,上海,14:20:00,16:10:00,2023-09-17,2023-09-17,西安机场,上海机场,1200,YES
11138,武汉,兰州,08:20:00,10:13:00,2023-09-16,2023-09-16,武汉机场,兰州机场,1100,YES
11139,沈阳,上海,11:20:00,13:35:00,2023-09-21,2023-09-21,沈阳机场,上海机场,1700,YES
11141,贵阳,西宁,10:20:00,12:42:00,2023-09-21,2023-09-21,贵阳机场,西宁机场,1200,YES
11142,昆明,太原,10:20:00,12:42:00,2023-09-13,2023-09-13,昆明机场,太原机场,1100,YES
11143,济南,太原,10:20:00,12:42:00,2023-09-13,2023-09-13,济南机场,太原机场,1400,YES
11144,上海,兰州,14:20:00,16:10:00,2023-09-18,2023-09-18,上海机场,兰州机场,1300,YES
11145,贵阳,重庆,13:20:00,15:20:00,2023-09-21,2023-09-21,贵阳机场,重庆机场,1400,YES
11146,沈阳,济南,13:20:00,15:20:00,2023-09-22,2023-09-22,沈阳机场,济南机场,1800,YES
11148,武汉,太原,14:20:00,16:10:00,2023-09-14,2023-09-14,武汉机场,太原机场,1400,YES
11149,武汉,郑州,13:20:00,15:20:00,2023-09-14,2023-09-14,武汉机场,郑州机场,1100,YES
11150,北京,重庆,16:20:00,18:20:00,2023-09-15,2023-09-15,北京机场,重庆机场,1500,YES
11152,西安,济南,17:20:00,19:50:00,2023-09-21,2023-09-21,西安机场,济南机场,1100,YES
11153,长沙,天津,12:20:00,14:07:00,2023-09-15,2023-09-15,长沙机场,天津机场,1200,YES
11154,兰州,重庆,11:20:00,13:35:00,2023-09-17,2023-09-17,兰州机场,重庆机场,1400,YES
11155,北京,兰州,09:20:00,11:41:00,2023-09-19,2023-09-19,北京机场,兰州机场,1100,YES
11156,西安,郑州,13:20:00,15:20:00,2023-09-21,2023-09-21,西安机场,郑州机场,1100,YES
11157,合肥,上海,17:20:00,19:50:00,2023-09-15,2023-09-15,合肥机场,上海机场,1400,YES
11158,武汉,兰州,08:20:00,10:13:00,2023-09-19,2023-09-19,武汉机场,兰州机场,1200,YES
11159,海口,郑州,12:20:00,14:07:00,2023-09-20,2023-09-20,海口机场,郑州机场,1400,YES
11161,广州,兰州,14:20:00,16:10:00,2023-09-18,2023-09-18,广州机场,兰州机场,1500,YES
11162,长沙,郑州,16:20:00,18:20:00,2023-09-16,2023-09-16,长沙机场,郑州机场,1500,YES
11163,哈尔滨,兰州,09:20:00,11:41:00,2023-09-15,2023-09-15,哈尔滨机场,兰州机场,1600,YES
11164,贵阳,天津,16:20:00,18:20:00,2023-09-22,2023-09-22,贵阳机场,天津机场,1400,YES
11165,天津,重庆,17:20:00,19:50:00,2023-09-17,2023-09-17,天津机场,重庆机场,1000,YES
11171,武汉,郑州,08:20:00,10:13:00,2023-09-18,2023-09-18,武汉机场,郑州机场,1700,YES
11172,福州,西安,08:20:00,10:13:00,2023-09-16,2023-09-16,福州机场,西安机场,1200,YES
11174,天津,重庆,16:20:00,18:20:00,2023-09-16,2023-09-16,天津机场,重庆机场,1000,YES
11175,哈尔滨,西安,15:20:00,17:30:00,2023-09-15,2023-09-15,哈尔滨机场,西安机场,1700,YES
11176,杭州,太原,14:20:00,16:10:00,2023-09-17,2023-09-17,杭州机场,太原机场,1500,YES
11178,太原,济南,15:20:00,17:30:00,2023-09-21,2023-09-21,太原机场,济南机场,1100,YES
11179,合肥,济南,12:20:00,14:07:00,2023-09-19,2023-09-19,合肥机场,济南机场,1900,YES
11180,武汉,济南,11:20:00,13:35:00,2023-09-18,2023-09-18,武汉机场,济南机场,1400,YES
11181,武汉,天津,08:20:00,10:13:00,2023-09-20,2023-09-20,武汉机场,天津机场,1300,YES
11182,西宁,上海,13:20:00,15:20:00,2023-09-19,2023-09-19,西宁机场,上海机场,1400,YES
11183,合肥,济南,10:20:00,12:42:00,2023-09-17,2023-09-17,合肥机场,济南机场,1400,YES
11185,哈尔滨,郑州,15:20:00,17:30:00,2023-09-16,2023-09-16,哈尔滨机场,郑州机场,1500,YES
11186,西安,西宁,08:20:00,10:13:00,2023-09-15,2023-09-15,西安机场,西宁机场,1200,YES
11187,北京,西安,10:20:00,12:42:00,2023-09-14,2023-09-14,北京机场,西安机场,1200,YES
11188,沈阳,重庆,10:20:00,12:42:00,2023-09-16,2023-09-16,沈阳机场,重庆机场,1100,YES
11189,西安,天津,17:20:00,19:50:00,2023-09-20,2023-09-20,西安机场,天津机场,1100,YES
11191,北京,兰州,14:20:00,16:10:00,2023-09-17,2023-09-17,北京机场,兰州机场,1200,YES
11192,哈尔滨,重庆,14:20:00,16:10:00,2023-09-15,2023-09-15,哈尔滨机场,重庆机场,1500,YES
11193,广州,天津,13:20:00,15:20:00,2023-09-13,2023-09-13,广州机场,天津机场,1300,YES
11194,广州,太原,15:20:00,17:30:00,2023-09-16,2023-09-16,广州机场,太原机场,1400,YES
11195,太原,西安,12:20:00,14:07:00,2023-09-14,2023-09-14,太原机场,西安机场,1700,YES
11196,西安,兰州,09:20:00,11:41:00,2023-09-20,2023-09-20,西安机场,兰州机场,1900,YES
11197,长春,西安,17:20:00,19:50:00,2023-09-16,2023-09-16,长春机场,西安机场,1800,YES
11198,广州,北京,08:20:00,10:13:00,2023-09-20,2023-09-20,广州机场,北京机场,1900,YES
11199,贵阳,重庆,15:20:00,17:30:00,2023-09-20,2023-09-20,贵阳机场,重庆机场,1100,YES
11200,广州,兰州,13:20:00,15:20:00,2023-09-13,2023-09-13,广州机场,兰州机场,1900,YES
11201,西安,北京,12:20:00,14:07:00,2023-09-22,2023-09-22,西安机场,北京机场,1500,YES
11202,成都,济南,10:20:00,12:42:00,2023-09-17,2023-09-17,成都机场,济南机场,1100,YES
11203,南京,天津,10:20:00,12:42:00,2023-09-21,2023-09-21,南京机场,天津机场,1900,YES
11204,武汉,天津,10:20:00,12:42:00,2023-09-19,2023-09-19,武汉机场,天津机场,1100,YES
11206,昆明,太原,15:20:00,17:30:00,2023-09-13,2023-09-13,昆明机场,太原机场,1200,YES
11209,长春,西安,16:20:00,18:20:00,2023-09-22,2023-09-22,长春机场,西安机场,1600,YES
11210,沈阳,郑州,13:20:00,15:20:00,2023-09-13,2023-09-13,沈阳机场,郑州机场,1000,YES
11211,上海,天津,12:20:00,14:07:00,2023-09-15,2023-09-15,上海机场,天津机场,1300,YES
11212,武汉,西安,12:20:00,14:07:00,2023-09-15,2023-09-15,武汉机场,西安机场,1100,YES
11213,石家庄,兰州,16:20:00,18:20:00,2023-09-21,2023-09-21,石家庄机场,兰州机场,1200,YES
11214,哈尔滨,太原,12:20:00,14:07:00,2023-09-21,2023-09-21,哈尔滨机场,太原机场,1100,YES
11215,贵阳,太原,17:20:00,19:50:00,2023-09-14,2023-09-14,贵阳机场,太原机场,1900,YES
11216,成都,西宁,08:20:00,10:13:00,2023-09-15,2023-09-15,成都机场,西宁机场,1400,YES
11217,西宁,重庆,17:20:00,19:50:00,2023-09-18,2023-09-18,西宁机场,重庆机场,1100,YES
11218,贵阳,太原,13:20:00,15:20:00,2023-09-17,2023-09-17,贵阳机场,太原机场,1100,YES
11219,台北,重庆,08:20:00,10:13:00,2023-09-13,2023-09-13,台北机场,重庆机场,1700,YES
11220,台北,济南,13:20:00,15:20:00,2023-09-22,2023-09-22,台北机场,济南机场,1800,YES
11222,哈尔滨,太原,13:20:00,15:20:00,2023-09-22,2023-09-22,哈尔滨机场,太原机场,1700,YES
11223,长春,郑州,08:20:00,10:13:00,2023-09-20,2023-09-20,长春机场,郑州机场,1000,YES
11224,长沙,西安,16:20:00,18:20:00,2023-09-22,2023-09-22,长沙机场,西安机场,1800,YES
11225,长春,太原,08:20:00,10:13:00,2023-09-22,2023-09-22,长春机场,太原机场,1200,YES
11227,南京,重庆,08:20:00,10:13:00,2023-09-21,2023-09-21,南京机场,重庆机场,1600,YES
11228,长沙,西宁,17:20:00,19:50:00,2023-09-19,2023-09-19,长沙机场,西宁机场,1700,YES
11230,西安,兰州,16:20:00,18:20:00,2023-09-20,2023-09-20,西安机场,兰州机场,1900,YES
11231,福州,上海,12:20:00,14:07:00,2023-09-22,2023-09-22,福州机场,上海机场,1700,YES
11232,重庆,太原,15:20:00,17:30:00,2023-09-17,2023-09-17,重庆机场,太原机场,1700,YES
11233,石家庄,西安,10:20:00,12:42:00,2023-09-20,2023-09-20,石家庄机场,西安机场,1900,YES
11234,上海,北京,09:20:00,11:41:00,2023-09-16,2023-09-16,上海机场,北京机场,1400,YES
11236,太原,天津,13:20:00,15:20:00,2023-09-14,2023-09-14,太原机场,天津机场,1400,YES
11238,武汉,上海,16:20:00,18:20:00,2023-09-15,2023-09-15,武汉机场,上海机场,1300,YES
11239,杭州,兰州,09:20:00,11:41:00,2023-09-18,2023-09-18,杭州机场,兰州机场,1200,YES
11240,南昌,重庆,13:20:00,15:20:00,2023-09-13,2023-09-13,南昌机场,重庆机场,1400,YES
11243,长沙,太原,12:20:00,14:07:00,2023-09-19,2023-09-19,长沙机场,太原机场,1000,YES
11244,广州,北京,11:20:00,13:35:00,2023-09-16,2023-09-16,广州机场,北京机场,1600,YES
11246,西安,兰州,11:20:00,13:35:00,2023-09-13,2023-09-13,西安机场,兰州机场,1100,YES
11247,郑州,重庆,13:20:00,15:20:00,2023-09-14,2023-09-14,郑州机场,重庆机场,1900,YES
11248,成都,郑州,12:20:00,14:07:00,2023-09-13,2023-09-13,成都机场,郑州机场,1600,YES
11249,福州,郑州,12:20:00,14:07:00,2023-09-15,2023-09-15,福州机场,郑州机场,1300,YES
11250,天津,太原,15:20:00,17:30:00,2023-09-18,2023-09-18,天津机场,太原机场,1700,YES
11253,沈阳,兰州,10:20:00,12:42:00,2023-09-17,2023-09-17,沈阳机场,兰州机场,1400,YES
11254,重庆,郑州,09:20:00,11:41:00,2023-09-16,2023-09-16,重庆机场,郑州机场,1500,YES
11255,昆明,上海,13:20:00,15:20:00,2023-09-22,2023-09-22,昆明机场,上海机场,1300,YES
11256,沈阳,上海,13:20:00,15:20:00,2023-09-18,2023-09-18,沈阳机场,上海机场,1000,YES
11257,昆明,郑州,16:20:00,18:20:00,2023-09-13,2023-09-13,昆明机场,郑州机场,1700,YES
11259,济南,兰州,11:20:00,13:35:00,2023-09-14,2023-09-14,济南机场,兰州机场,1900,YES
11261,贵阳,西安,10:20:00,12:42:00,2023-09-22,2023-09-22,贵阳机场,西安机场,1800,YES
11263,西宁,兰州,15:20:00,17:30:00,2023-09-18,2023-09-18,西宁机场,兰州机场,1000,YES
11264,南昌,北京,08:20:00,10:13:00,2023-09-19,2023-09-19,南昌机场,北京机场,1600,YES
11265,福州,重庆,10:20:00,12:42:00,2023-09-17,2023-09-17,福州机场,重庆机场,1400,YES
11266,郑州,西宁,09:20:00,11:41:00,2023-09-15,2023-09-15,郑州机场,西宁机场,1000,YES
11267,哈尔滨,北京,08:20:00,10:13:00,2023-09-16,2023-09-16,哈尔滨机场,北京机场,1700,YES
11268,长沙,西安,11:20:00,13:35:00,2023-09-13,2023-09-13,长沙机场,西安机场,1400,YES
11269,福州,太原,16:20:00,18:20:00,2023-09-21,2023-09-21,福州机场,太原机场,1600,YES
11271,太原,上海,17:20:00,19:50:00,2023-09-17,2023-09-17,太原机场,上海机场,1000,YES
11272,杭州,上海,12:20:00,14:07:00,2023-09-14,2023-09-14,杭州机场,上海机场,1300,YES
11273,郑州,兰州,13:20:00,15:20:00,2023-09-14,2023-09-14,郑州机场,兰州机场,1000,YES
11274,福州,北京,14:20:00,16:10:00,2023-09-14,2023-09-14,福州机场,北京机场,1400,YES
11275,成都,北京,14:20:00,16:10:00,2023-09-15,2023-09-15,成都机场,北京机场,1400,YES
11276,成都,西宁,17:20:00,19:50:00,2023-09-15,2023-09-15,成都机场,西宁机场,1600,YES
11279,重庆,北京,17:20:00,19:50:00,2023-09-14,2023-09-14,重庆机场,北京机场,1700,YES
11280,贵阳,西安,11:20:00,13:35:00,2023-09-14,2023-09-14,贵阳机场,西安机场,1500,YES
11281,海口,太原,17:20:00,19:50:00,2023-09-21,2023-09-21,海口机场,太原机场,1500,YES
11282,成都,郑州,09:20:00,11:41:00,2023-09-14,2023-09-14,成都机场,郑州机场,1400,YES
11287,武汉,太原,14:20:00,16:10:00,2023-09-21,2023-09-21,武汉机场,太原机场,1400,YES
11288,西宁,北京,09:20:00,11:41:00,2023-09-16,2023-09-16,西宁机场,北京机场,1900,YES
11289,贵阳,太原,10:20:00,12:42:00,2023-09-14,2023-09-14,贵阳机场,太原机场,1100,YES
11291,南京,郑州,17:20:00,19:50:00,2023-09-22,2023-09-22,南京机场,郑州机场,1800,YES
11294,贵阳,郑州,08:20:00,10:13:00,2023-09-15,2023-09-15,贵阳机场,郑州机场,1500,YES
11295,杭州,上海,11:20:00,13:35:00,2023-09-19,2023-09-19,杭州机场,上海机场,1900,YES
11296,长春,重庆,13:20:00,15:20:00,2023-09-19,2023-09-19,长春机场,重庆机场,1700,YES
11298,太原,郑州,08:20:00,10:13:00,2023-09-20,2023-09-20,太原机场,郑州机场,1200,YES
11299,上海,郑州,09:20:00,11:41:00,2023-09-21,2023-09-21,上海机场,郑州机场,1700,YES
11300,海口,西安,12:20:00,14:07:00,2023-09-17,2023-09-17,海口机场,西安机场,1600,YES
11301,上海,天津,09:20:00,11:41:00,2023-09-20,2023-09-20,上海机场,天津机场,1400,YES
11302,杭州,天津,12:20:00,14:07:00,2023-09-15,2023-09-15,杭州机场,天津机场,1100,YES
11303,贵阳,兰州,14:20:00,16:10:00,2023-09-14,2023-09-14,贵阳机场,兰州机场,1700,YES
11305,合肥,郑州,11:20:00,13:35:00,2023-09-14,2023-09-14,合肥机场,郑州机场,1000,YES
11308,福州,兰州,09:20:00,11:41:00,2023-09-19,2023-09-19,福州机场,兰州机场,1500,YES
11309,南昌,天津,10:20:00,12:42:00,2023-09-21,2023-09-21,南昌机场,天津机场,1900,YES
11310,合肥,北京,11:20:00,13:35:00,2023-09-14,2023-09-14,合肥机场,北京机场,1200,YES
11311,济南,重庆,16:20:00,18:20:00,2023-09-13,2023-09-13,济南机场,重庆机场,1500,YES
11312,台北,重庆,10:20:00,12:42:00,2023-09-16,2023-09-16,台北机场,重庆机场,1700,YES
11313,南昌,天津,14:20:00,16:10:00,2023-09-14,2023-09-14,南昌机场,天津机场,1900,YES
11314,杭州,西宁,08:20:00,10:13:00,2023-09-14,2023-09-14,杭州机场,西宁机场,1100,YES
11315,济南,太原,14:20:00,16:10:00,2023-09-20,2023-09-20,济南机场,太原机场,1900,YES
11317,兰州,天津,08:20:00,10:13:00,2023-09-20,2023-09-20,兰州机场,天津机场,1800,YES
11319,昆明,郑州,13:20:00,15:20:00,2023-09-13,2023-09-13,昆明机场,郑州机场,1400,YES
11323,福州,北京,12:20:00,14:07:00,2023-09-15,2023-09-15,福州机场,北京机场,1100,YES
11324,合肥,西安,11:20:00,13:35:00,2023-09-21,2023-09-21,合肥机场,西安机场,1000,YES
11325,杭州,太原,13:20:00,15:20:00,2023-09-14,2023-09-14,杭州机场,太原机场,1500,YES
11327,西宁,郑州,10:20:00,12:42:00,2023-09-15,2023-09-15,西宁机场,郑州机场,1500,YES
11328,郑州,北京,09:20:00,11:41:00,2023-09-16,2023-09-16,郑州机场,北京机场,1600,YES
11329,济南,西安,08:20:00,10:13:00,2023-09-13,2023-09-13,济南机场,西安机场,1600,YES
11330,台北,济南,08:20:00,10:13:00,2023-09-14,2023-09-14,台北机场,济南机场,1000,YES
11331,杭州,天津,14:20:00,16:10:00,2023-09-16,2023-09-16,杭州机场,天津机场,1000,YES
11332,西宁,郑州,17:20:00,19:50:00,2023-09-15,2023-09-15,西宁机场,郑州机场,1600,YES
11333,重庆,郑州,17:20:00,19:50:00,2023-09-17,2023-09-17,重庆机场,郑州机场,1800,YES
11334,郑州,太原,16:20:00,18:20:00,2023-09-20,2023-09-20,郑州机场,太原机场,1500,YES
11335,沈阳,西宁,11:20:00,13:35:00,2023-09-21,2023-09-21,沈阳机场,西宁机场,1100,YES
11336,武汉,西宁,11:20:00,13:35:00,2023-09-15,2023-09-15,武汉机场,西宁机场,1000,YES
11337,长沙,北京,17:20:00,19:50:00,2023-09-20,2023-09-20,长沙机场,北京机场,1900,YES
11338,合肥,兰州,12:20:00,14:07:00,2023-09-19,2023-09-19,合肥机场,兰州机场,1100,YES
11339,长春,济南,17:20:00,19:50:00,2023-09-15,2023-09-15,长春机场,济南机场,1800,YES
11340,石家庄,上海,14:20:00,16:10:00,2023-09-22,2023-09-22,石家庄机场,上海机场,1900,YES
11341,郑州,重庆,09:20:00,11:41:00,2023-09-18,2023-09-18,郑州机场,重庆机场,1500,YES
11343,济南,西安,10:20:00,12:42:00,2023-09-13,2023-09-13,济南机场,西安机场,1100,YES
11344,哈尔滨,西宁,14:20:00,16:10:00,2023-09-20,2023-09-20,哈尔滨机场,西宁机场,1600,YES
11345,广州,郑州,12:20:00,14:07:00,2023-09-18,2023-09-18,广州机场,郑州机场,1400,YES
11346,昆明,西安,15:20:00,17:30:00,2023-09-15,2023-09-15,昆明机场,西安机场,1400,YES
11347,长春,兰州,10:20:00,12:42:00,2023-09-20,2023-09-20,长春机场,兰州机场,1800,YES
11350,沈阳,上海,17:20:00,19:50:00,2023-09-20,2023-09-20,沈阳机场,上海机场,1000,YES
11352,哈尔滨,太原,15:20:00,17:30:00,2023-09-14,2023-09-14,哈尔滨机场,太原机场,1900,YES
11353,重庆,天津,17:20:00,19:50:00,2023-09-13,2023-09-13,重庆机场,天津机场,1300,YES
11354,上海,太原,16:20:00,18:20:00,2023-09-16,2023-09-16,上海机场,太原机场,1900,YES
11355,长春,郑州,08:20:00,10:13:00,2023-09-18,2023-09-18,长春机场,郑州机场,1200,YES
11356,石家庄,太原,10:20:00,12:42:00,2023-09-16,2023-09-16,石家庄机场,太原机场,1700,YES
11357,济南,郑州,10:20:00,12:42:00,2023-09-19,2023-09-19,济南机场,郑州机场,1200,YES
11358,哈尔滨,济南,15:20:00,17:30:00,2023-09-14,2023-09-14,哈尔滨机场,济南机场,1500,YES
11359,合肥,上海,15:20:00,17:30:00,2023-09-19,2023-09-19,合肥机场,上海机场,1400,YES
11360,沈阳,兰州,14:20:00,16:10:00,2023-09-13,2023-09-13,沈阳机场,兰州机场,1300,YES
11361,台北,郑州,12:20:00,14:07:00,2023-09-19,2023-09-19,台北机场,郑州机场,1100,YES
11364,西宁,西安,09:20:00,11:41:00,2023-09-21,2023-09-21,西宁机场,西安机场,1500,YES
11365,南昌,天津,13:20:00,15:20:00,2023-09-14,2023-09-14,南昌机场,天津机场,1900,YES
11366,哈尔滨,济南,14:20:00,16:10:00,2023-09-16,2023-09-16,哈尔滨机场,济南机场,1800,YES
11367,广州,济南,14:20:00,16:10:00,2023-09-18,2023-09-18,广州机场,济南机场,1200,YES
11368,杭州,兰州,17:20:00,19:50:00,2023-09-22,2023-09-22,杭州机场,兰州机场,1000,YES
11369,西宁,北京,15:20:00,17:30:00,2023-09-17,2023-09-17,西宁机场,北京机场,1800,YES
11371,南京,北京,15:20:00,17:30:00,2023-09-15,2023-09-15,南京机场,北京机场,1600,YES
11372,福州,济南,10:20:00,12:42:00,2023-09-21,2023-09-21,福州机场,济南机场,1800,YES
11373,兰州,上海,14:20:00,16:10:00,2023-09-19,2023-09-19,兰州机场,上海机场,1200,YES
11374,杭州,天津,10:20:00,12:42:00,2023-09-20,2023-09-20,杭州机场,天津机场,1300,YES
11375,重庆,天津,11:20:00,13:35:00,2023-09-17,2023-09-17,重庆机场,天津机场,1900,YES
11379,北京,太原,09:20:00,11:41:00,2023-09-15,2023-09-15,北京机场,太原机场,1200,YES
11380,长沙,西安,11:20:00,13:35:00,2023-09-21,2023-09-21,长沙机场,西安机场,1600,YES
11381,杭州,西宁,13:20:00,15:20:00,2023-09-15,2023-09-15,杭州机场,西宁机场,1600,YES
11382,重庆,西宁,10:20:00,12:42:00,2023-09-15,2023-09-15,重庆机场,西宁机场,1200,YES
11383,哈尔滨,天津,14:20:00,16:10:00,2023-09-14,2023-09-14,哈尔滨机场,天津机场,1100,YES
11384,长春,重庆,11:20:00,13:35:00,2023-09-13,2023-09-13,长春机场,重庆机场,1500,YES
11386,西宁,重庆,17:20:00,19:50:00,2023-09-21,2023-09-21,西宁机场,重庆机场,1600,YES
11387,沈阳,兰州,14:20:00,16:10:00,2023-09-15,2023-09-15,沈阳机场,兰州机场,1700,YES
11388,太原,上海,10:20:00,12:42:00,2023-09-20,2023-09-20,太原机场,上海机场,1000,YES
11389,太原,北京,08:20:00,10:13:00,2023-09-13,2023-09-13,太原机场,北京机场,1300,YES
11390,长春,重庆,17:20:00,19:50:00,2023-09-16,2023-09-16,长春机场,重庆机场,1500,YES
11392,南京,北京,11:20:00,13:35:00,2023-09-14,2023-09-14,南京机场,北京机场,1900,YES
11393,济南,太原,17:20:00,19:50:00,2023-09-18,2023-09-18,济南机场,太原机场,1400,YES
11395,成都,重庆,08:20:00,10:13:00,2023-09-18,2023-09-18,成都机场,重庆机场,1000,YES
11396,兰州,西安,15:20:00,17:30:00,2023-09-18,2023-09-18,兰州机场,西安机场,1400,YES
11397,西安,西宁,13:20:00,15:20:00,2023-09-15,2023-09-15,西安机场,西宁机场,1300,YES
11398,石家庄,天津,12:20:00,14:07:00,2023-09-19,2023-09-19,石家庄机场,天津机场,1000,YES
11400,济南,西安,15:20:00,17:30:00,2023-09-21,2023-09-21,济南机场,西安机场,1700,YES
11401,重庆,西安,17:20:00,19:50:00,2023-09-19,2023-09-19,重庆机场,西安机场,1300,YES
11404,上海,天津,15:20:00,17:30:00,2023-09-19,2023-09-19,上海机场,天津机场,1100,YES
11405,合肥,郑州,13:20:00,15:20:00,2023-09-17,2023-09-17,合肥机场,郑州机场,1100,YES
11406,济南,天津,11:20:00,13:35:00,2023-09-18,2023-09-18,济南机场,天津机场,1300,YES
11408,石家庄,太原,14:20:00,16:10:00,2023-09-20,2023-09-20,石家庄机场,太原机场,1800,YES
11412,长春,天津,10:20:00,12:42:00,2023-09-15,2023-09-15,长春机场,天津机场,1200,YES
11413,成都,兰州,09:20:00,11:41:00,2023-09-14,2023-09-14,成都机场,兰州机场,1500,YES
11415,重庆,太原,14:20:00,16:10:00,2023-09-19,2023-09-19,重庆机场,太原机场,1300,YES
11416,兰州,北京,13:20:00,15:20:00,2023-09-19,2023-09-19,兰州机场,北京机场,1300,YES
11417,成都,上海,10:20:00,12:42:00,2023-09-20,2023-09-20,成都机场,上海机场,1600,YES
11419,兰州,郑州,13:20:00,15:20:00,2023-09-18,2023-09-18,兰州机场,郑州机场,1300,YES
11420,沈阳,天津,14:20:00,16:10:00,2023-09-22,2023-09-22,沈阳机场,天津机场,1000,YES
11421,天津,重庆,15:20:00,17:30:00,2023-09-15,2023-09-15,天津机场,重庆机场,1800,YES
11422,昆明,济南,15:20:00,17:30:00,2023-09-18,2023-09-18,昆明机场,济南机场,1100,YES
11423,福州,北京,15:20:00,17:30:00,2023-09-18,2023-09-18,福州机场,北京机场,1800,YES
11426,兰州,上海,15:20:00,17:30:00,2023-09-20,2023-09-20,兰州机场,上海机场,1200,YES
11428,成都,重庆,09:20:00,11:41:00,2023-09-17,2023-09-17,成都机场,重庆机场,1200,YES
11429,台北,重庆,16:20:00,18:20:00,2023-09-15,2023-09-15,台北机场,重庆机场,1900,YES
11432,广州,天津,09:20:00,11:41:00,2023-09-14,2023-09-14,广州机场,天津机场,1100,YES
11433,济南,兰州,12:20:00,14:07:00,2023-09-17,2023-09-17,济南机场,兰州机场,1300,YES
11435,昆明,北京,12:20:00,14:07:00,2023-09-18,2023-09-18,昆明机场,北京机场,1100,YES
11436,福州,天津,16:20:00,18:20:00,2023-09-18,2023-09-18,福州机场,天津机场,1900,YES
11437,长沙,西宁,13:20:00,15:20:00,2023-09-18,2023-09-18,长沙机场,西宁机场,1300,YES
11438,兰州,西宁,17:20:00,19:50:00,2023-09-13,2023-09-13,兰州机场,西宁机场,1100,YES
